filename,url,data ink ratio,Number of distinct colors,Density,HR,FAR,Entropy,Feature congestion,meanH,meanS,meanV,colorfulness4,Number of edges,score,coarseness,contrast,directionality,0,L,C,H
v484_n7392_14_f3.png,http://web.cse.ohio-state.edu/~li.8950/data/image/vis2K/v484_n7392_14_f3.png,1,1,1,80.95,1.04,1.75,4.64,0.119,0.0105,0.9034,17.19,3.29,3.19,3.55,0.04,0.33,96,90.35920118,0.202419189,338.5744993
vis416.png,http://web.cse.ohio-state.edu/~li.8950/data/image/vis2K/vis416.png,3,2,3,79.07,0.99,6.5,7.5,0.2119,0.3976,0.4291,14.25,7.74,3.14,3.71,0.09,0.32,171,41.18042713,17.35863435,119.2077965
visMost745.png,http://web.cse.ohio-state.edu/~li.8950/data/image/vis2K/visMost745.png,3,2,2,77.78,0.96,6.16,3.2,0.5962,0.1065,0.7722,15.18,7.16,3.11,4.21,0.01,0.27,245,74.47506653,6.978173698,270.5817886
v489_n7416_4_f6.png,http://web.cse.ohio-state.edu/~li.8950/data/image/vis2K/v489_n7416_4_f6.png,1,2,1,77.65,1,2.15,4,0.1368,0.1081,0.9321,16.45,2.54,3.09,3.45,0.04,0.3,149,89.60439747,3.663253335,20.36536718
economist_daily_chart_46.png,http://web.cse.ohio-state.edu/~li.8950/data/image/vis2K/economist_daily_chart_46.png,2,2,2,72.83,0.97,3.49,5.32,0.0869,0.0758,0.9167,15.4,6.42,2.95,3.89,0.02,0.27,35,90.643268,2.348317949,244.1559247
visMost673.png,http://web.cse.ohio-state.edu/~li.8950/data/image/vis2K/visMost673.png,1,1,2,73.17,1.05,4.12,6.75,0.2696,0.0746,0.9149,11.53,9.1,2.93,3.57,0.02,0.28,242,88.4331826,5.442516546,270.209035
v488_n7411_9_f1.png,http://web.cse.ohio-state.edu/~li.8950/data/image/vis2K/v488_n7411_9_f1.png,3,3,1,71.91,0.98,5.76,4.57,0.2231,0.4943,0.8691,12.14,4.89,2.91,4.41,0.06,0.31,134,76.98240571,20.25798662,86.80450899
wsj264.png,http://web.cse.ohio-state.edu/~li.8950/data/image/vis2K/wsj264.png,3,3,3,80.46,2.11,7.38,3.69,0.2405,0.3261,0.4069,14.51,6.23,2.89,4.15,0.05,0.28,352,37.77303369,9.058249436,80.44509225
wsj536.png,http://web.cse.ohio-state.edu/~li.8950/data/image/vis2K/wsj536.png,3,3,3,80.52,2.15,6.65,3.2,0.2318,0.1811,0.5246,10.59,6.79,2.88,4.26,0.06,0.3,382,50.78708384,7.619560404,95.12312843
visMost83.png,http://web.cse.ohio-state.edu/~li.8950/data/image/vis2K/visMost83.png,1,2,1,70,0.94,6.68,6.78,0.1358,0.1908,0.6935,14.93,8.33,2.87,3.64,0.06,0.36,250,69.42965263,11.74141183,99.55978189
vis67.png,http://web.cse.ohio-state.edu/~li.8950/data/image/vis2K/vis67.png,3,2,2,77.01,2.11,3.15,5.57,0.1766,0.3135,0.8157,16.38,4.8,2.77,3.92,0.08,0.28,182,80.04955,29.08832226,114.4934952
vis684.png,http://web.cse.ohio-state.edu/~li.8950/data/image/vis2K/vis684.png,2,1,1,77.11,2.13,6.97,2.07,0,0,0.3203,16.76,7.92,2.77,4.02,0.03,0.33,185,44.71887849,0.002704035,117.8141532
v490_n7420_23_f5.png,http://web.cse.ohio-state.edu/~li.8950/data/image/vis2K/v490_n7420_23_f5.png,2,3,1,66.67,1.03,1.81,4.59,0.0678,0.0524,0.9649,16.99,3.63,2.75,3.15,0.01,0.33,160,94.97460211,1.442923571,54.7128768
visMost217.png,http://web.cse.ohio-state.edu/~li.8950/data/image/vis2K/visMost217.png,3,2,1,76.47,2.11,3.26,6.75,0.4243,0.3124,0.8275,11.79,5.52,2.75,4.03,0.06,0.29,205,75.41941019,3.472668586,43.95533963
wsj299.png,http://web.cse.ohio-state.edu/~li.8950/data/image/vis2K/wsj299.png,2,3,3,76.54,2.2,5.51,4.6,0.4228,0.3177,0.3031,9.1,6.15,2.74,3.98,0.09,0.31,361,24.8581026,6.246430812,330.4492094
visMost55.png,http://web.cse.ohio-state.edu/~li.8950/data/image/vis2K/visMost55.png,3,3,2,65.06,1.05,3.99,4,0.1234,0.6577,0.766,18.65,5.84,2.69,3.62,0.04,0.32,235,62.70571693,49.94412845,78.29090255
np_21.png,http://web.cse.ohio-state.edu/~li.8950/data/image/vis2K/np_21.png,3,2,3,73.81,2.04,3.47,8.46,0.0698,0.0759,0.8747,15.92,11.03,2.68,3.58,0.05,0.29,54,86.89356432,1.400206626,163.7271759
wsj129.png,http://web.cse.ohio-state.edu/~li.8950/data/image/vis2K/wsj129.png,3,3,3,72.94,1.96,5.24,5.61,0.17,0.1035,0.8485,15.7,7.05,2.67,3.88,0.03,0.3,333,83.13516512,6.76823353,87.19431166
visMost215.png,http://web.cse.ohio-state.edu/~li.8950/data/image/vis2K/visMost215.png,3,3,3,80.68,3.96,7.04,9.73,0.2218,0.2432,0.6398,12.72,14.33,2.62,3.27,0.04,0.27,204,61.77669187,10.90876308,98.05125975
visMost523.png,http://web.cse.ohio-state.edu/~li.8950/data/image/vis2K/visMost523.png,1,1,2,87.21,7.37,6.18,3.35,0.3254,0.2648,0.1566,9.21,9.19,2.59,4.06,0.02,0.28,230,14.09955188,4.896174115,175.6076323
visMost526.png,http://web.cse.ohio-state.edu/~li.8950/data/image/vis2K/visMost526.png,3,3,3,70.45,2.06,7.22,6.09,0.3703,0.3872,0.6599,8.88,7.69,2.58,4.1,0.12,0.3,231,59.5915379,10.07292397,97.99103895
v490_n7419_7_f4.png,http://web.cse.ohio-state.edu/~li.8950/data/image/vis2K/v490_n7419_7_f4.png,3,3,1,75.61,3.16,3.85,4.12,0.3752,0.3742,0.745,8.99,4.62,2.55,4.21,0.13,0.31,158,60.25290242,26.08661866,296.6858467
visMost82.png,http://web.cse.ohio-state.edu/~li.8950/data/image/vis2K/visMost82.png,2,3,1,68.18,1.92,2.84,4.27,0.1299,0.2098,0.949,16.33,6.27,2.54,3.56,0.01,0.34,249,88.06709981,12.59426545,71.40787684
wsj104.png,http://web.cse.ohio-state.edu/~li.8950/data/image/vis2K/wsj104.png,1,1,2,81.4,5,6.51,5.64,0.3018,0.1114,0.8224,10.05,7.44,2.54,3.9,0.03,0.24,329,81.23382246,6.283132818,88.33391269
wsj52.png,http://web.cse.ohio-state.edu/~li.8950/data/image/vis2K/wsj52.png,2,2,2,77.66,4,3.35,4.32,0.1301,0.6979,0.9291,24.24,4.48,2.51,3.91,0.02,0.27,378,78.98897283,63.16785867,84.75999933
visMost705.png,http://web.cse.ohio-state.edu/~li.8950/data/image/vis2K/visMost705.png,2,3,1,71.11,3.03,4.5,3.96,0.1557,0.0764,0.9464,15.75,8.4,2.43,3.57,0,0.29,243,93.42124164,5.365496667,96.82383819
economist_daily_chart_268.png,http://web.cse.ohio-state.edu/~li.8950/data/image/vis2K/economist_daily_chart_268.png,3,3,1,70.79,3.09,2.44,3.79,0.5629,0.1845,0.8971,13.5,3.3,2.41,3.72,0.02,0.3,18,83.52690168,3.634046214,356.9144142
v488_n7410_13_f4.png,http://web.cse.ohio-state.edu/~li.8950/data/image/vis2K/v488_n7410_13_f4.png,1,1,1,91.86,15.46,3.39,5.69,0.0586,0.0639,0.7956,17.48,5.62,2.41,3.85,0.06,0.32,131,78.9376141,3.374347024,67.40167585
vis286.png,http://web.cse.ohio-state.edu/~li.8950/data/image/vis2K/vis286.png,3,1,1,65.12,2.15,3.45,2.82,0.0374,0.0053,0.5569,16.98,11.23,2.41,3.83,0,0.29,165,58.85275123,0.222451325,200.7729547
vis512.png,http://web.cse.ohio-state.edu/~li.8950/data/image/vis2K/vis512.png,2,2,3,74.19,4.04,6.83,9.92,0.0809,0.8015,0.5321,16.16,9.96,2.4,3.25,0.06,0.28,175,40.74099754,38.6611469,61.87182097
vis729.png,http://web.cse.ohio-state.edu/~li.8950/data/image/vis2K/vis729.png,3,1,2,61.8,1.94,3.97,6.18,0.3811,0.3064,0.7611,9.87,5.74,2.37,3.63,0.08,0.3,188,70.88386314,13.13289749,227.4135085
visMost54.png,http://web.cse.ohio-state.edu/~li.8950/data/image/vis2K/visMost54.png,3,2,3,72.94,3.96,5.35,4.45,0.5267,0.7319,0.256,12.8,8.39,2.37,3.61,0.05,0.23,233,19.18871008,3.991653762,323.2939247
vis109.png,http://web.cse.ohio-state.edu/~li.8950/data/image/vis2K/vis109.png,2,1,2,61.36,2,2.39,3.01,0.2311,0.5922,0.7931,16.35,5.18,2.34,3.93,0.01,0.29,161,76.32046013,61.69072586,121.7413691
vis250.png,http://web.cse.ohio-state.edu/~li.8950/data/image/vis2K/vis250.png,1,2,2,85.71,10.2,3.66,3.24,0.5521,0.7556,0.2625,15.12,4.36,2.34,3.99,0.02,0.3,163,16.07317521,14.45870635,288.8565165
vis850.png,http://web.cse.ohio-state.edu/~li.8950/data/image/vis2K/vis850.png,2,1,1,62.35,2.2,2.16,3,0.5332,0.6474,0.8877,17.13,4.72,2.33,4.03,0,0.33,193,73.69011928,33.53818204,228.5099849
whoL11.png,http://web.cse.ohio-state.edu/~li.8950/data/image/vis2K/whoL11.png,2,2,1,79.49,6.67,4.81,3.95,0.508,0.5865,0.4787,11.56,7.67,2.32,4.11,0.07,0.3,294,33.30047577,30.36873756,302.6573553
wsj184.png,http://web.cse.ohio-state.edu/~li.8950/data/image/vis2K/wsj184.png,3,2,3,49.43,1.03,5.96,5.33,0.1895,0.4988,0.6307,15.95,8.13,2.3,3.8,0.03,0.32,342,62.96911089,41.19855614,112.6893251
vis386.png,http://web.cse.ohio-state.edu/~li.8950/data/image/vis2K/vis386.png,2,3,3,76.67,6.12,5.42,8.5,0.058,0.1085,0.7625,16.43,11.69,2.27,3.66,0.09,0.31,168,74.18925842,4.462367363,55.52102652
whoN33.png,http://web.cse.ohio-state.edu/~li.8950/data/image/vis2K/whoN33.png,1,1,1,48.28,1.04,2.16,2.7,0.0579,0.0322,0.9093,18,2.11,2.27,3.59,0.01,0.28,307,90.72112698,2.174844976,73.7260955
v489_n7414_20_f1.png,http://web.cse.ohio-state.edu/~li.8950/data/image/vis2K/v489_n7414_20_f1.png,2,2,2,47.19,1.01,6.72,4.56,0.4856,0.4882,0.561,11.21,5.63,2.25,3.95,0.02,0.28,142,42.1006113,17.51865291,308.1478443
visMost108.png,http://web.cse.ohio-state.edu/~li.8950/data/image/vis2K/visMost108.png,3,3,2,65.43,3.23,6.49,3.93,0.1434,0.2064,0.8469,15.82,4.85,2.24,4.43,0.04,0.28,198,82.05835955,9.371904711,91.3130622
visMost623.png,http://web.cse.ohio-state.edu/~li.8950/data/image/vis2K/visMost623.png,3,3,2,77.17,6.8,5.38,4.77,0.5803,0.569,0.5972,11.64,6.55,2.24,4.13,0.04,0.27,238,40.97530234,32.00487323,322.2303538
visMost282.png,http://web.cse.ohio-state.edu/~li.8950/data/image/vis2K/visMost282.png,3,3,2,80,8.24,3.23,2.27,0.7135,0.7042,0.3504,14.99,4.07,2.23,3.84,0.01,0.29,216,19.61733477,31.7038486,315.5516071
v487_n7406_13_f5.png,http://web.cse.ohio-state.edu/~li.8950/data/image/vis2K/v487_n7406_13_f5.png,2,3,2,55.68,1.89,2.84,5.06,0.1275,0.0406,0.9295,16.16,6.95,2.22,4.05,0.02,0.29,126,92.20712627,1.126565146,62.53695969
np_48.png,http://web.cse.ohio-state.edu/~li.8950/data/image/vis2K/np_48.png,1,1,1,65.96,3.74,2.76,7.54,0.2164,0.2612,0.9099,11.52,6.7,2.19,4.11,0.07,0.27,55,83.98359455,12.10694717,269.8330684
wsj233.png,http://web.cse.ohio-state.edu/~li.8950/data/image/vis2K/wsj233.png,2,2,2,86.52,14.29,5.43,6.27,0.1265,0.2411,0.8685,16.53,8.27,2.17,3.91,0.03,0.28,348,82.12502801,18.31578473,82.9371244
economist_daily_chart_521.png,http://web.cse.ohio-state.edu/~li.8950/data/image/vis2K/economist_daily_chart_521.png,1,2,1,70.89,5.38,2.19,4.07,0.5594,0.1162,0.8831,16.64,4.76,2.16,3.92,0.01,0.32,44,85.53066816,5.774887945,241.6871989
economist_daily_chart_493.png,http://web.cse.ohio-state.edu/~li.8950/data/image/vis2K/economist_daily_chart_493.png,2,3,2,60.23,3.06,4.95,5.96,0.3959,0.1194,0.8572,9.84,8.21,2.13,3.84,0.01,0.29,40,83.6779517,3.502547245,113.4303258
wsj557.png,http://web.cse.ohio-state.edu/~li.8950/data/image/vis2K/wsj557.png,3,2,3,66.28,4.4,6.95,3.98,0.191,0.1623,0.3043,15.64,8.05,2.13,4.06,0.03,0.29,387,29.59893506,5.759000455,74.41603838
np_7.png,http://web.cse.ohio-state.edu/~li.8950/data/image/vis2K/np_7.png,3,2,2,72.09,6.19,5.45,7.37,0.2073,0.1865,0.8429,12.2,12.51,2.12,3.55,0.06,0.3,56,77.1703701,8.275311944,21.41322771
v486_n7404_6_f1.png,http://web.cse.ohio-state.edu/~li.8950/data/image/vis2K/v486_n7404_6_f1.png,1,2,1,82.8,12.12,4.45,3.78,0.4422,0.4583,0.7234,16.54,5.7,2.12,4.43,0.14,0.31,119,59.33814762,28.9898898,34.51863253
wsj441.png,http://web.cse.ohio-state.edu/~li.8950/data/image/vis2K/wsj441.png,2,2,1,71.43,6.06,3.81,4.6,0.1244,0.1585,0.8964,17.19,4.83,2.12,3.91,0.03,0.27,370,84.64523061,11.3127974,63.43258529
wsj147.png,http://web.cse.ohio-state.edu/~li.8950/data/image/vis2K/wsj147.png,1,3,2,71.26,6.19,6.44,4.67,0.3757,0.3824,0.3742,9.81,9.62,2.1,3.88,0.07,0.29,336,30.00909092,13.87462989,45.61446671
wsj297.png,http://web.cse.ohio-state.edu/~li.8950/data/image/vis2K/wsj297.png,1,2,2,67.42,5,4.38,4.45,0.4852,0.0913,0.8755,11.99,6.28,2.1,4.02,0.03,0.28,360,85.26635775,1.847468533,105.0186691
vis708.png,http://web.cse.ohio-state.edu/~li.8950/data/image/vis2K/vis708.png,3,1,3,73.26,7.07,7.53,5.42,0.0263,0.0104,0.3141,16.2,9.98,2.09,3.68,0.04,0.29,187,32.6292623,0.065681561,70.24232683
wsj395.png,http://web.cse.ohio-state.edu/~li.8950/data/image/vis2K/wsj395.png,2,1,2,68.83,5.49,3.64,5.38,0.1272,0.0915,0.916,17.37,6.23,2.09,3.83,0.01,0.28,368,90.30348773,7.540191119,97.40230088
wsj10.png,http://web.cse.ohio-state.edu/~li.8950/data/image/vis2K/wsj10.png,2,2,2,72.94,7.07,6.37,6.35,0.1472,0.3103,0.8758,16.18,9.95,2.08,3.77,0.02,0.28,328,82.86946055,27.8007213,91.89296466
wsj226.png,http://web.cse.ohio-state.edu/~li.8950/data/image/vis2K/wsj226.png,3,3,3,63.22,4.04,6.72,4.83,0.2876,0.243,0.8425,10.61,6.26,2.08,4.06,0.02,0.3,347,80.67309113,15.05646014,94.17390326
vis399.png,http://web.cse.ohio-state.edu/~li.8950/data/image/vis2K/vis399.png,1,3,1,76.04,8.65,2.68,5.26,0.1294,0.0182,0.9695,15.87,12.24,2.07,2.98,0,0.27,169,96.48642251,0.364515323,26.91176819
wsj20.png,http://web.cse.ohio-state.edu/~li.8950/data/image/vis2K/wsj20.png,2,3,2,73.91,7.69,3.48,4.2,0.3136,0.0902,0.8607,16.38,6.67,2.07,3.93,0.01,0.3,343,85.35211911,8.68911169,134.2677746
visMost545.png,http://web.cse.ohio-state.edu/~li.8950/data/image/vis2K/visMost545.png,2,1,2,73.63,7.69,5.41,3.9,0.5197,0.7803,0.9531,16.04,6.99,2.06,4.05,0.01,0.3,234,73.46456101,37.8472226,246.2483299
vis625.png,http://web.cse.ohio-state.edu/~li.8950/data/image/vis2K/vis625.png,3,1,1,85.19,15.62,3.26,5.1,0.2236,0.0906,0.8009,11.62,6.1,2.05,3.97,0.08,0.3,179,78.78461753,3.425089948,249.8828062
visMost387.png,http://web.cse.ohio-state.edu/~li.8950/data/image/vis2K/visMost387.png,2,3,1,78.82,10.53,5.3,3.09,0.1524,0.7818,0.545,11.9,10.81,2.05,3.89,0.03,0.31,222,41.14907612,38.33155619,66.05466893
vis697.png,http://web.cse.ohio-state.edu/~li.8950/data/image/vis2K/vis697.png,3,1,2,63.83,4.59,6.45,3.14,0.0047,0.0198,0.1636,16.8,10.72,2.04,3.79,0.02,0.28,186,15.60581405,1.353708166,35.08283052
vis630.png,http://web.cse.ohio-state.edu/~li.8950/data/image/vis2K/vis630.png,3,2,2,48.91,2,2.44,5.23,0.1564,0.1311,0.902,13.31,4.34,2.03,3.13,0.03,0.3,180,87.36674309,0.752151204,262.9119941
v490_n7419_11_f1.png,http://web.cse.ohio-state.edu/~li.8950/data/image/vis2K/v490_n7419_11_f1.png,3,3,3,56.47,3.19,6.1,6.61,0.36,0.3359,0.7689,9.17,11.51,2.02,3.74,0.08,0.3,154,70.64063489,4.969058478,224.1686437
whoL09.png,http://web.cse.ohio-state.edu/~li.8950/data/image/vis2K/whoL09.png,2,1,2,48.86,2.04,1.29,4.63,0,0.0001,0.9594,17.95,4.13,2.02,2.97,0.01,0.29,292,96.1069486,0.005400808,88.01766046
wsj553.png,http://web.cse.ohio-state.edu/~li.8950/data/image/vis2K/wsj553.png,3,3,2,74.07,8.42,4.55,4.11,0.13,0.1485,0.9018,17.04,4.96,2.02,4.13,0.03,0.29,386,86.05197506,9.150597671,64.21534405
v483_n7390_21_f4.png,http://web.cse.ohio-state.edu/~li.8950/data/image/vis2K/v483_n7390_21_f4.png,1,2,1,64.52,5.05,2.6,4.9,0.1437,0.0365,0.9379,15.12,3.66,2.01,3.47,0.02,0.28,91,92.80537371,1.614588193,271.2853651
v490_n7418_14_f2.png,http://web.cse.ohio-state.edu/~li.8950/data/image/vis2K/v490_n7418_12_f1.png,1,1,1,54.65,2.94,1.71,5.29,0.0658,0.0048,0.9429,17.88,4.19,2.01,3.5,0.02,0.32,151,94.37880595,0.102640048,357.8299823
visMost274.png,http://web.cse.ohio-state.edu/~li.8950/data/image/vis2K/visMost274.png,3,3,3,64.44,5.15,6.54,3.67,0.5127,0.1457,0.7383,14.12,9.13,2,4.12,0.01,0.27,215,71.54300504,0.821592779,277.2914994
visMost575.png,http://web.cse.ohio-state.edu/~li.8950/data/image/vis2K/visMost575.png,3,2,2,60.23,4.12,2.91,4.29,0.2449,0.0558,0.9642,11.97,4.7,2,3.42,0.01,0.29,236,94.12063337,3.360022715,303.109783
v489_n7416_3_f4.png,http://web.cse.ohio-state.edu/~li.8950/data/image/vis2K/v489_n7416_3_f4.png,3,3,2,64.04,5.1,5.64,9.85,0.2657,0.3214,0.763,11.86,11.39,1.99,3.3,0.11,0.31,148,67.43806871,5.914762492,330.1839278
vis499.png,http://web.cse.ohio-state.edu/~li.8950/data/image/vis2K/vis499.png,3,3,3,70.73,7.45,5.4,7.98,0.313,0.3738,0.9303,8.98,10.4,1.99,3.44,0.03,0.31,174,82.7983097,3.29710895,218.1269546
vis586.png,http://web.cse.ohio-state.edu/~li.8950/data/image/vis2K/vis586.png,2,2,2,47.31,1.98,3.31,5.67,0.183,0.2045,0.7546,11.51,5.97,1.99,3.86,0.11,0.3,177,73.08101238,4.259900441,276.8390642
visMost378.png,http://web.cse.ohio-state.edu/~li.8950/data/image/vis2K/visMost378.png,2,3,2,65.26,5.56,5.93,6.37,0.2556,0.4917,0.8495,11.63,8.79,1.99,3.96,0.03,0.3,221,73.43719524,31.09977691,88.27438391
visMost635.png,http://web.cse.ohio-state.edu/~li.8950/data/image/vis2K/visMost635.png,2,1,1,66.29,5.94,2.69,3.45,0.0818,0.0591,0.4839,13.79,3.73,1.98,3.98,0.11,0.3,239,47.95967307,3.002126224,223.1503515
v483_n7391_3_f5.png,http://web.cse.ohio-state.edu/~li.8950/data/image/vis2K/v483_n7391_3_f5.png,2,1,2,53.85,3.06,2.67,5.89,0.0758,0.0041,0.9305,17.29,4.96,1.97,3.8,0.02,0.3,94,93.21907521,0.084388859,323.4949508
v486_n7403_1_f8.png,http://web.cse.ohio-state.edu/~li.8950/data/image/vis2K/v486_n7403_19_f2.png,2,2,1,36.59,1.03,1.89,3.86,0.211,0.0341,0.835,17.22,2.3,1.97,3.16,0.08,0.34,116,83.00116326,0.562726008,84.96933703
visMost758.png,http://web.cse.ohio-state.edu/~li.8950/data/image/vis2K/visMost758.png,2,1,3,71.43,8.08,5.15,8.19,0.1583,0.1281,0.3134,11.72,10.81,1.97,3.71,0.1,0.29,247,30.51643715,5.358272366,208.0871126
wsj593.png,http://web.cse.ohio-state.edu/~li.8950/data/image/vis2K/wsj593.png,1,2,1,55.17,3.26,2.8,3.22,0.1936,0.1543,0.1786,16.31,3.06,1.97,2.82,0.04,0.31,389,13.77270515,7.812303105,30.52498206
wsj21.png,http://web.cse.ohio-state.edu/~li.8950/data/image/vis2K/wsj21.png,2,2,3,66.67,6.32,6.58,5.35,0.4853,0.0857,0.879,10.67,7.49,1.96,3.96,0.03,0.31,344,84.92475954,3.334126844,287.335184
vis278.png,http://web.cse.ohio-state.edu/~li.8950/data/image/vis2K/vis278.png,1,2,1,54.02,3.19,6.27,10.69,0.3279,0.1809,0.9065,11.63,17.2,1.95,3.16,0.03,0.28,164,84.62926925,8.040138886,344.3188523
vis328.png,http://web.cse.ohio-state.edu/~li.8950/data/image/vis2K/vis328.png,3,3,3,67.78,6.8,7.36,5.9,0.2763,0.2271,0.4253,12.39,12.22,1.95,3.53,0.03,0.28,167,41.27387001,7.276756989,84.64573181
vis734.png,http://web.cse.ohio-state.edu/~li.8950/data/image/vis2K/vis734.png,3,2,1,73.49,9.28,4.75,3.67,0.6593,0.8656,0.3598,16.11,7.87,1.95,3.58,0.03,0.42,189,17.3305928,37.22915492,301.7796235
vis881.png,http://web.cse.ohio-state.edu/~li.8950/data/image/vis2K/vis881.png,2,3,2,62.07,5,6.5,7.12,0.454,0.323,0.4071,7.35,11.12,1.95,3.82,0.1,0.34,197,35.99671588,10.89910027,66.9485179
whoL03.png,http://web.cse.ohio-state.edu/~li.8950/data/image/vis2K/whoL03.png,1,1,1,35.71,1.03,2.02,8.06,0.0175,0.0174,0.931,17.21,7.29,1.95,3.48,0.02,0.31,290,92.88683381,0.740327036,243.9455835
v483_n7391_1_f1.png,http://web.cse.ohio-state.edu/~li.8950/data/image/vis2K/v483_n7391_1_f1.png,3,3,1,58.33,4.17,5.72,4.17,0.4576,0.4636,0.7038,10.66,8.01,1.94,4.12,0.03,0.33,93,60.94273543,7.135941719,205.3444602
vis859.png,http://web.cse.ohio-state.edu/~li.8950/data/image/vis2K/vis859.png,2,1,2,70.33,7.92,4.13,2.71,0.1452,0.1447,0.212,12.3,6.16,1.94,3.9,0.01,0.26,195,19.84506544,3.693991348,213.4431491
visMost451.png,http://web.cse.ohio-state.edu/~li.8950/data/image/vis2K/visMost451.png,3,3,2,83.33,16.48,5.45,7.96,0.0804,0.0592,0.7671,15.43,9.6,1.94,3.82,0.08,0.29,224,76.22603318,0.520012725,52.88857497
visMost468.png,http://web.cse.ohio-state.edu/~li.8950/data/image/vis2K/visMost468.png,2,3,3,53.01,3.12,6.66,5.92,0.2739,0.3394,0.8441,12.83,8.7,1.94,3.85,0.02,0.31,226,75.33361214,16.14425748,69.24727852
economist_daily_chart_475.png,http://web.cse.ohio-state.edu/~li.8950/data/image/vis2K/economist_daily_chart_475.png,2,2,2,64.44,6,4.11,5.43,0.5673,0.1883,0.8891,14.1,8.28,1.93,3.83,0.02,0.29,36,82.76798553,3.830757835,270.243388
v483_n7388_14_f3.png,http://web.cse.ohio-state.edu/~li.8950/data/image/vis2K/v483_n7388_14_f3.png,2,2,1,71.11,8.65,1.37,3.93,0.0607,0.0167,0.9799,17.27,2.76,1.92,2.84,0.01,0.3,88,97.43539478,0.367329328,335.8155975
visMost92.png,http://web.cse.ohio-state.edu/~li.8950/data/image/vis2K/visMost92.png,2,2,1,67.03,7,2.13,4.05,0.0126,0.03,0.0816,16.41,6.78,1.92,3.54,0.02,0.32,251,7.777314557,0.754472525,71.89864452
economist_daily_chart_219.png,http://web.cse.ohio-state.edu/~li.8950/data/image/vis2K/economist_daily_chart_219.png,3,2,1,57.47,4.26,3.93,3.81,0.0517,0.0938,0.9237,17.27,6.48,1.91,4.19,0.02,0.27,14,89.20214728,7.164833124,53.02018217
v487_n7407_15_f3.png,http://web.cse.ohio-state.edu/~li.8950/data/image/vis2K/v487_n7407_15_f3.png,2,1,2,52.44,3.26,6.56,7,0.2035,0.046,0.7936,16.12,12.25,1.91,3.39,0.02,0.25,127,80.08211642,4.478305838,133.0409366
wsj79.png,http://web.cse.ohio-state.edu/~li.8950/data/image/vis2K/wsj79.png,2,2,1,56.67,4.08,5.13,4.43,0.2486,0.3049,0.7854,12.83,4.44,1.91,4.1,0.06,0.3,391,70.27494225,9.087398458,64.53833795
visMost244.png,http://web.cse.ohio-state.edu/~li.8950/data/image/vis2K/visMost244.png,3,3,3,56.98,4.21,5.03,6.22,0.1614,0.2404,0.6551,12.58,9.15,1.9,3.69,0.04,0.32,209,59.51502673,7.576393682,3.731945339
visMost77.png,http://web.cse.ohio-state.edu/~li.8950/data/image/vis2K/visMost77.png,3,3,3,74.44,11.11,4.23,10.45,0.2752,0.0825,0.8992,13.51,11.07,1.88,3.33,0.04,0.26,248,88.04917859,2.273264744,43.24948647
visMost147.png,http://web.cse.ohio-state.edu/~li.8950/data/image/vis2K/visMost147.png,3,2,2,77.01,13,3.1,2.72,0.6877,0.1009,0.2644,16.22,5.14,1.87,3.98,0.04,0.3,201,25.30122958,2.736058493,25.97492335
economist_daily_chart_45.png,http://web.cse.ohio-state.edu/~li.8950/data/image/vis2K/economist_daily_chart_45.png,2,2,2,60.64,5.66,2.12,4.35,0.0752,0.0516,0.9827,15.57,7.11,1.85,3.52,0.01,0.36,32,96.6483662,1.222102534,243.5406653
v486_n7401_8_f2.png,http://web.cse.ohio-state.edu/~li.8950/data/image/vis2K/v486_n7401_8_f2.png,3,3,1,58.62,5.15,5.82,5.12,0.2741,0.3477,0.7714,13.46,7.94,1.85,4.17,0.06,0.3,114,65.445953,23.6509667,46.55601262
vis288.png,http://web.cse.ohio-state.edu/~li.8950/data/image/vis2K/vis288.png,3,3,3,66.28,7.84,6.95,6.49,0.5828,0.4438,0.5571,12.65,8.01,1.84,3.81,0.04,0.29,166,44.08640078,19.36548815,285.4360175
wsj505.png,http://web.cse.ohio-state.edu/~li.8950/data/image/vis2K/wsj505.png,3,3,1,67.06,8.16,5.35,5.85,0.5522,0.1275,0.8132,12.58,7.24,1.84,3.89,0.05,0.28,375,78.05672386,2.098746764,320.0950504
visMost601.png,http://web.cse.ohio-state.edu/~li.8950/data/image/vis2K/visMost601.png,2,2,2,60.67,6,5.5,3.01,0.247,0.0633,0.2786,14.43,5.84,1.83,3.83,0.04,0.29,237,27.7867058,0.478286242,95.22916551
vis826.png,http://web.cse.ohio-state.edu/~li.8950/data/image/vis2K/vis826.png,2,1,2,76.14,13.27,3.84,4.81,0.2674,0.1126,0.2936,14.74,8.61,1.82,4.01,0.02,0.29,191,28.68991718,1.838827362,225.7227542
visMost657.png,http://web.cse.ohio-state.edu/~li.8950/data/image/vis2K/visMost657.png,3,3,3,61.63,6.32,5.45,4.65,0.6327,0.6933,0.5859,12.63,10.98,1.82,3.67,0.03,0.32,241,41.59453566,22.09833837,310.7955599
v482_n7386_7_f2.png,http://web.cse.ohio-state.edu/~li.8950/data/image/vis2K/v482_n7386_7_f2.png,2,2,2,41.18,2.11,2.51,6.44,0.103,0.0428,0.9425,17.17,6.29,1.81,3.78,0.02,0.29,83,93.88158141,2.185170912,154.5006876
visMost735.png,http://web.cse.ohio-state.edu/~li.8950/data/image/vis2K/visMost735.png,3,2,2,56.32,4.9,3.96,6.05,0.6932,0.6989,0.2091,15.25,8.7,1.81,3.44,0.04,0.28,244,14.82995604,8.947918924,305.1925365
wsj162.png,http://web.cse.ohio-state.edu/~li.8950/data/image/vis2K/wsj162.png,2,2,3,79.57,16.35,6.05,6.54,0.1455,0.1766,0.81,15.91,7.91,1.81,4.06,0.05,0.3,337,77.97603276,9.130827022,86.25903323
wsj292.png,http://web.cse.ohio-state.edu/~li.8950/data/image/vis2K/wsj292.png,2,2,2,63.95,7.37,4.01,4.98,0.1341,0.1715,0.8703,16.58,4.34,1.81,3.85,0.04,0.28,358,82.99260297,9.562731535,71.28851485
v483_n7390_8_f1.png,http://web.cse.ohio-state.edu/~li.8950/data/image/vis2K/v483_n7390_8_f1.png,1,2,2,56.32,5.1,2.06,5.57,0.1205,0.0264,0.9674,16.99,4.96,1.79,3.38,0.01,0.33,92,95.59329787,1.425806965,358.4115226
v489_n7415_12_f5.png,http://web.cse.ohio-state.edu/~li.8950/data/image/vis2K/v489_n7415_12_f5.png,2,2,2,40.48,2.13,3.22,6.67,0.2459,0.1513,0.9211,16.8,5.77,1.79,3.48,0.06,0.33,144,85.58487998,14.25783417,38.52410717
vis417.png,http://web.cse.ohio-state.edu/~li.8950/data/image/vis2K/vis417.png,2,3,2,57.32,5.43,4.57,7.29,0.169,0.1997,0.9021,16.96,8.49,1.79,3.73,0.02,0.31,172,85.95982476,15.9249457,90.26379137
whoL14.png,http://web.cse.ohio-state.edu/~li.8950/data/image/vis2K/whoL14.png,1,3,1,68.97,10,3.71,4.97,0.1797,0.166,0.8799,13.45,4.06,1.78,3.99,0.05,0.3,296,84.25582183,3.020076109,121.4429384
wsj511.png,http://web.cse.ohio-state.edu/~li.8950/data/image/vis2K/wsj511.png,2,2,2,66.25,8.7,6.54,5.76,0.0969,0.1177,0.8566,17.73,12.09,1.78,3.67,0.01,0.25,377,83.58307779,8.608709167,81.13257363
wsj99.png,http://web.cse.ohio-state.edu/~li.8950/data/image/vis2K/wsj99.png,1,2,2,66.3,8.82,6.5,6.57,0.2104,0.1759,0.8288,14.76,14.53,1.77,3.7,0.02,0.28,393,80.86976833,13.89849143,101.9137817
economist_daily_chart_202.png,http://web.cse.ohio-state.edu/~li.8950/data/image/vis2K/economist_daily_chart_202.png,1,1,1,62.92,8,1.67,4.43,0.0197,0.006,0.9704,17.84,5.35,1.73,3.64,0,0.31,12,97.15067093,0.071890909,71.15451745
v487_n7407_22_f4.png,http://web.cse.ohio-state.edu/~li.8950/data/image/vis2K/v487_n7407_22_f4.png,1,2,1,66.67,9.71,3.32,4.1,0.1286,0.075,0.9283,16.63,5.1,1.73,3.31,0.02,0.28,129,91.13200196,4.377504568,86.1476367
visMost755.png,http://web.cse.ohio-state.edu/~li.8950/data/image/vis2K/visMost755.png,2,2,3,38.82,2.22,4.23,5.41,0.5242,0.199,0.7594,14.04,8.61,1.73,3.94,0.03,0.29,246,71.90180602,5.726154171,246.0107398
visMost232.png,http://web.cse.ohio-state.edu/~li.8950/data/image/vis2K/visMost232.png,2,3,2,75.86,15.53,5.94,6.62,0.2157,0.2715,0.8528,11.01,9.13,1.72,3.89,0.04,0.3,207,77.68696563,12.25964686,70.44487165
visMost261.png,http://web.cse.ohio-state.edu/~li.8950/data/image/vis2K/visMost261.png,2,2,1,45.12,3.3,6.87,6.97,0.3353,0.2542,0.8127,14.12,12.24,1.72,3.55,0.02,0.3,212,77.11422807,16.74841915,101.1808625
visMost93.png,http://web.cse.ohio-state.edu/~li.8950/data/image/vis2K/visMost93.png,3,3,3,77.27,16.67,3.35,3.91,0.1329,0.173,0.9139,14.89,5.01,1.72,3.5,0.04,0.29,252,87.40892942,3.302585669,45.09893644
v485_n7400_15_f2.png,http://web.cse.ohio-state.edu/~li.8950/data/image/vis2K/v485_n7400_15_f2.png,2,3,2,76.14,15.79,3.1,4.99,0.1881,0.1202,0.8898,13.95,5.3,1.71,3.72,0.05,0.35,112,85.15268291,4.947858885,279.7242434
v489_n7416_15_f2.png,http://web.cse.ohio-state.edu/~li.8950/data/image/vis2K/v489_n7416_15_f2.png,1,1,1,70.93,12.24,0.81,3.32,0.0401,0.0009,0.9821,18,1.92,1.71,2.49,0,0.33,146,98.2629842,0.034908653,350.6616515
visMost362.png,http://web.cse.ohio-state.edu/~li.8950/data/image/vis2K/visMost362.png,2,2,1,80.23,19.59,6.01,5,0.4132,0.5219,0.7144,11.46,9.94,1.71,3.33,0.03,0.28,218,63.39865453,13.39439769,180.4072772
visMost537.png,http://web.cse.ohio-state.edu/~li.8950/data/image/vis2K/visMost537.png,2,3,3,68.89,11.11,3.97,6.66,0.4903,0.2158,0.913,13.25,6.52,1.71,3.79,0.01,0.3,232,84.85433961,7.665721808,233.213493
visMost190.png,http://web.cse.ohio-state.edu/~li.8950/data/image/vis2K/visMost190.png,3,3,3,47.13,3.85,4.95,5.21,0.4956,0.7292,0.7091,12.28,8.25,1.7,3.87,0.03,0.29,203,49.84126106,28.14872199,282.5017121
vis853.png,http://web.cse.ohio-state.edu/~li.8950/data/image/vis2K/vis853.png,3,2,2,66.67,10.31,4.22,2.11,0.2896,0.2414,0.128,11.92,5.78,1.69,3.92,0.01,0.29,194,9.270436615,5.711861843,318.3199914
visMost420.png,http://web.cse.ohio-state.edu/~li.8950/data/image/vis2K/visMost420.png,3,3,2,70.13,12.22,4.72,3.34,0.5773,0.5858,0.1217,14.18,8.06,1.69,3.44,0.02,0.29,223,10.03321534,1.732294808,262.9641405
economist_daily_chart_129.png,http://web.cse.ohio-state.edu/~li.8950/data/image/vis2K/economist_daily_chart_129.png,1,2,2,59.38,7.48,2.69,4.56,0.0378,0.0202,0.9575,17.48,6.07,1.68,3.62,0.01,0.32,6,95.4866728,0.274487969,350.9066786
v486_n7403_19_f2.png,http://web.cse.ohio-state.edu/~li.8950/data/image/vis2K/v486_n7403_1_f8.png,2,2,1,60.67,7.92,4.62,4.89,0.4057,0.1102,0.9506,9.01,22.02,1.68,3.59,0.02,0.29,115,90.63321089,3.90370993,305.9635003
visMost505.png,http://web.cse.ohio-state.edu/~li.8950/data/image/vis2K/visMost505.png,1,3,1,60.92,8.16,2.26,3.37,0.2363,0.0609,0.9635,17.29,3.55,1.67,3.76,0.01,0.3,228,94.74267587,4.255667853,59.37215042
vis618.png,http://web.cse.ohio-state.edu/~li.8950/data/image/vis2K/vis618.png,1,2,1,63.95,9.8,2.76,6,0.0917,0.1581,0.9459,14.34,5.91,1.65,3.81,0.05,0.28,178,88.73453313,9.825754182,37.33062918
visMost187.png,http://web.cse.ohio-state.edu/~li.8950/data/image/vis2K/visMost187.png,1,3,1,64.13,9.8,1.34,3.14,0.048,0.0638,0.9733,17.45,2.43,1.65,2.64,0.01,0.29,202,95.54227788,4.662894337,60.93644557
visMost376.png,http://web.cse.ohio-state.edu/~li.8950/data/image/vis2K/visMost376.png,3,3,3,65.91,11,5.12,6.85,0.2589,0.3586,0.8774,9.22,9.91,1.64,3.45,0.06,0.29,220,78.41186476,3.663921593,345.6715456
wsj144.png,http://web.cse.ohio-state.edu/~li.8950/data/image/vis2K/wsj144.png,1,2,1,62.79,9.47,4.35,4.38,0.3674,0.0583,0.952,8.51,6.97,1.64,3.94,0.01,0.27,335,93.31175116,1.240343462,251.0663388
wsj316.png,http://web.cse.ohio-state.edu/~li.8950/data/image/vis2K/wsj316.png,2,2,3,59.77,8.25,6.23,4.79,0.2079,0.1677,0.3467,12.41,9.7,1.64,4.02,0.06,0.29,363,31.64735849,1.083517349,59.50172452
v483_n7387_7_f4.png,http://web.cse.ohio-state.edu/~li.8950/data/image/vis2K/v483_n7387_7_f4.png,3,3,3,44.94,3.92,4.17,5.37,0.1958,0.1243,0.9242,16.42,4.51,1.63,4.03,0.02,0.31,86,89.27302293,6.975368787,91.98213423
v484_n7394_10_f4.png,http://web.cse.ohio-state.edu/~li.8950/data/image/vis2K/v484_n7394_10_f4.png,2,3,3,44.83,3.88,4.57,6.58,0.2723,0.0494,0.893,13.91,8.04,1.63,3.93,0.02,0.3,99,88.72567861,3.330480741,133.9572095
v488_n7412_4_f1.png,http://web.cse.ohio-state.edu/~li.8950/data/image/vis2K/v488_n7412_4_f1.png,2,2,2,40.23,3,3.53,5.36,0.1668,0.0285,0.9188,16.54,5.01,1.63,3.99,0.03,0.31,137,91.23458087,1.649131777,27.99859392
wsj561.png,http://web.cse.ohio-state.edu/~li.8950/data/image/vis2K/wsj561.png,1,2,1,54.32,6.38,4.14,6.36,0.4059,0.035,0.9182,10.26,7.62,1.63,3.71,0.02,0.27,388,90.67537946,1.648000606,278.6538129
visMost255.png,http://web.cse.ohio-state.edu/~li.8950/data/image/vis2K/visMost255.png,2,2,1,55.21,6.86,5.28,5.57,0.3145,0.5981,0.818,9.22,8.12,1.62,3.94,0.03,0.35,211,68.07282877,25.63384667,77.69501198
visMost357.png,http://web.cse.ohio-state.edu/~li.8950/data/image/vis2K/visMost357.png,3,3,3,49.45,5.15,6.84,6.01,0.3682,0.2708,0.6313,9.23,6.58,1.62,3.99,0.09,0.31,217,62.19636421,11.79691639,171.0704186
wsj55.png,http://web.cse.ohio-state.edu/~li.8950/data/image/vis2K/wsj55.png,1,2,2,50,5.26,3.84,5.58,0.5862,0.2671,0.841,13.34,6.03,1.62,3.97,0.06,0.29,385,78.43302295,9.764615798,247.7764807
vis409.png,http://web.cse.ohio-state.edu/~li.8950/data/image/vis2K/vis409.png,3,3,3,56.25,7.37,6.33,6.65,0.4947,0.2385,0.7922,10.54,8.99,1.61,3.74,0.07,0.32,170,75.26592315,1.720525068,16.45915737
visMost456.png,http://web.cse.ohio-state.edu/~li.8950/data/image/vis2K/visMost456.png,3,2,2,61.9,9.78,3.2,4.39,0.5393,0.859,0.4878,16.26,6.39,1.6,3.88,0.03,0.3,225,34.16385661,26.34344296,267.7879743
wsj529.png,http://web.cse.ohio-state.edu/~li.8950/data/image/vis2K/wsj529.png,1,2,1,67.03,12.62,4.31,6.02,0.161,0.1323,0.8945,15.48,6.54,1.59,3.98,0.02,0.29,380,86.57052073,7.556887489,85.25526182
v484_n7395_11_f1.png,http://web.cse.ohio-state.edu/~li.8950/data/image/vis2K/v484_n7395_11_f1.png,1,2,2,65.82,12.09,6.58,4.86,0.1905,0.1151,0.8218,14.21,9.18,1.58,4.12,0.02,0.3,104,81.61232291,8.447892184,108.8047365
v487_n7407_22_f2.png,http://web.cse.ohio-state.edu/~li.8950/data/image/vis2K/v487_n7407_22_f2.png,1,2,1,74.73,18.37,3.67,5.47,0.1179,0.0653,0.8814,15.71,7.2,1.57,3.84,0.04,0.26,128,87.40189521,1.099440961,123.6583246
vis428.png,http://web.cse.ohio-state.edu/~li.8950/data/image/vis2K/vis428.png,2,2,2,53.66,6.93,3.04,5.03,0.5674,0.7106,0.4811,15.39,6.08,1.57,3.9,0.03,0.3,173,31.84638925,30.17011468,282.1701745
wsj340.png,http://web.cse.ohio-state.edu/~li.8950/data/image/vis2K/wsj340.png,2,2,2,68.18,13.98,3.93,4.44,0.1542,0.25,0.8757,14.21,4.91,1.55,3.96,0.03,0.27,364,81.0517791,16.9030066,71.73077725
v487_n7406_13_f2.png,http://web.cse.ohio-state.edu/~li.8950/data/image/vis2K/v487_n7406_13_f2.png,2,3,3,47.87,5.56,1.99,3.84,0.066,0.0167,0.9708,17.28,4.3,1.54,2.92,0.01,0.29,125,96.67916178,0.629617227,31.48896356
economist_daily_chart_317.png,http://web.cse.ohio-state.edu/~li.8950/data/image/vis2K/economist_daily_chart_317.png,1,2,1,72.41,17.53,3.36,4.01,0.4436,0.0821,0.8906,11.63,6.14,1.53,4.04,0.01,0.28,20,87.88939338,3.442352406,160.0931142
whoL12.png,http://web.cse.ohio-state.edu/~li.8950/data/image/vis2K/whoL12.png,2,2,1,36.78,3.06,1.84,4.66,0.0405,0.0568,0.9675,16.94,4.91,1.53,3.51,0.01,0.3,295,95.95215095,4.331828461,101.6910113
economist_daily_chart_124.png,http://web.cse.ohio-state.edu/~li.8950/data/image/vis2K/economist_daily_chart_124.png,1,1,1,73.26,18.81,4.1,4.8,0.0502,0.1842,0.8885,17.41,5.87,1.51,3.73,0.05,0.27,5,83.24058873,12.73919375,46.8523158
treasuryB10.png,http://web.cse.ohio-state.edu/~li.8950/data/image/vis2K/treasuryB10.png,3,2,2,40.22,3.96,2.68,5.89,0.0297,0.0313,0.93,17.2,6.71,1.51,3.51,0.02,0.28,59,92.22060734,1.134623744,4.111269333
vis230.png,http://web.cse.ohio-state.edu/~li.8950/data/image/vis2K/vis230.png,3,3,2,51.76,7.07,2.97,5,0.0908,0.1622,0.9534,15.99,5.83,1.51,4.02,0.02,0.3,162,92.45493804,12.41657493,89.94345649
wsj270.png,http://web.cse.ohio-state.edu/~li.8950/data/image/vis2K/wsj270.png,1,2,2,74.7,20,3.69,4.7,0.1378,0.1049,0.921,17.06,4.77,1.51,4,0.02,0.29,353,89.93973299,7.214724953,87.26469701
v483_n7388_11_f2.png,http://web.cse.ohio-state.edu/~li.8950/data/image/vis2K/v483_n7388_11_f2.png,3,1,3,41.18,4.26,3.52,6.72,0.2187,0.0141,0.8471,16.48,7.97,1.5,3.11,0.06,0.35,87,84.87071746,0.337733977,340.9464355
economist_daily_chart_416.png,http://web.cse.ohio-state.edu/~li.8950/data/image/vis2K/economist_daily_chart_416.png,1,1,2,63.53,12.63,2.72,3.82,0.544,0.1944,0.8815,16.38,5.57,1.49,3.78,0.01,0.3,28,83.3939781,8.694015025,242.4611438
v485_n7400_14_f1.png,http://web.cse.ohio-state.edu/~li.8950/data/image/vis2K/v485_n7400_14_f1.png,3,3,3,45.24,5.32,5.67,7.05,0.2718,0.2393,0.8946,11.6,10.07,1.49,3.63,0.03,0.26,110,82.93783975,7.570352152,88.94475842
visMost271.png,http://web.cse.ohio-state.edu/~li.8950/data/image/vis2K/visMost271.png,3,3,3,46.67,5.83,6.94,5.73,0.2895,0.5066,0.6622,11.56,9.36,1.49,3.78,0.02,0.3,214,60.30417436,26.1600922,115.3839193
whoI11_2.png,http://web.cse.ohio-state.edu/~li.8950/data/image/vis2K/whoI11_2.png,1,1,2,47.31,6,3.18,4.52,0,0.0001,0.9193,17.84,6.07,1.49,3.85,0.02,0.27,264,92.264192,0.006477178,68.10553166
wsj392.png,http://web.cse.ohio-state.edu/~li.8950/data/image/vis2K/wsj392.png,2,2,1,78.41,24.21,4.42,5.72,0.1068,0.1497,0.8278,14.51,5.48,1.49,3.92,0.05,0.29,367,78.20137511,6.40030207,21.26363014
wsj462.png,http://web.cse.ohio-state.edu/~li.8950/data/image/vis2K/wsj462.png,1,2,1,63.64,12.77,4.58,5.82,0.4988,0.1258,0.8331,11.65,6.1,1.49,3.96,0.04,0.27,372,80.96861704,5.306429796,141.0093601
whoL10.png,http://web.cse.ohio-state.edu/~li.8950/data/image/vis2K/whoL10.png,2,2,1,34.15,2.97,2.44,4.51,0.4731,0.1736,0.9224,13.57,5.1,1.48,3.81,0.01,0.33,293,86.82104705,7.002720703,232.9765712
wsj116.png,http://web.cse.ohio-state.edu/~li.8950/data/image/vis2K/wsj116.png,1,2,3,55.81,9.09,4.68,7.84,0.1595,0.1035,0.8582,15.54,9.17,1.48,3.67,0.04,0.27,332,83.9936866,5.458176346,88.99284666
wsj271.png,http://web.cse.ohio-state.edu/~li.8950/data/image/vis2K/wsj271.png,2,2,2,65.12,13.83,3.29,4.32,0.3226,0.1049,0.8969,16.49,3.83,1.48,4.08,0.03,0.3,354,88.53179018,6.062029291,135.4904985
economist_daily_chart_153.png,http://web.cse.ohio-state.edu/~li.8950/data/image/vis2K/economist_daily_chart_153.png,2,2,1,54.65,9,2.88,4.49,0.1865,0.222,0.8862,11.33,4.88,1.46,4.06,0.05,0.29,7,84.51688759,8.388246963,242.9634092
economist_daily_chart_89.png,http://web.cse.ohio-state.edu/~li.8950/data/image/vis2K/economist_daily_chart_89.png,3,3,3,54.32,8.79,6.19,6.6,0.228,0.1778,0.901,11.98,9.07,1.46,3.87,0.03,0.27,52,85.20572959,6.437772489,82.73638461
v483_n7391_8_f1.png,http://web.cse.ohio-state.edu/~li.8950/data/image/vis2K/v483_n7391_8_f1.png,1,1,1,59.04,10.87,1.06,3.65,0.0516,0.0018,0.9728,17.97,2.32,1.46,2.95,0.01,0.3,95,97.33124464,0.052300054,349.9888544
treasuryL13.png,http://web.cse.ohio-state.edu/~li.8950/data/image/vis2K/treasuryL13.png,1,1,1,56.82,10.1,2.61,8.81,0.0223,0.0506,0.9301,17.36,10.8,1.45,2.78,0.02,0.38,80,93.12688817,5.943515331,106.3763969
v484_n7394_8_f2.png,http://web.cse.ohio-state.edu/~li.8950/data/image/vis2K/v484_n7394_8_f2.png,2,1,1,48.42,6.93,1.35,4.35,0.0694,0.0029,0.9612,17.94,2.93,1.44,2.84,0.01,0.33,102,96.17416516,0.078281629,351.0385939
vis87.png,http://web.cse.ohio-state.edu/~li.8950/data/image/vis2K/vis87.png,1,2,1,38.2,4.12,4.28,4.36,0.52,0.1694,0.8539,12.4,7.05,1.44,3.88,0.02,0.28,196,81.18503672,6.205641618,223.3162066
whoK19_1.png,http://web.cse.ohio-state.edu/~li.8950/data/image/vis2K/whoK19_1.png,2,2,2,71.59,19.23,2.23,3.24,0.0692,0.1232,0.9047,17.21,3.48,1.44,3.56,0.03,0.32,287,89.47172576,9.130437403,129.8217398
visMost374.png,http://web.cse.ohio-state.edu/~li.8950/data/image/vis2K/visMost374.png,3,3,3,51.76,8.33,5.92,6.22,0.4148,0.1525,0.8801,10.5,17.68,1.43,3.68,0.01,0.31,219,85.4947954,5.553831797,168.1073146
wsj286.png,http://web.cse.ohio-state.edu/~li.8950/data/image/vis2K/wsj286.png,2,2,2,55.06,9.71,4.58,4.87,0.0437,0.1983,0.3619,16.09,6.14,1.43,3.91,0.11,0.28,357,30.13636276,13.60123153,54.77423944
economist_daily_chart_48.png,http://web.cse.ohio-state.edu/~li.8950/data/image/vis2K/economist_daily_chart_48.png,1,2,1,77.89,25.69,4.5,4.96,0.1069,0.1597,0.9099,15.91,6.7,1.42,4.03,0.03,0.29,37,85.23810805,10.81287078,53.19665851
wsj240.png,http://web.cse.ohio-state.edu/~li.8950/data/image/vis2K/wsj240.png,2,2,1,65.12,15.15,5.18,7.24,0.1368,0.1865,0.8604,16.72,7.5,1.42,3.54,0.03,0.28,349,83.009077,12.12643679,91.53092649
economist_daily_chart_516.png,http://web.cse.ohio-state.edu/~li.8950/data/image/vis2K/economist_daily_chart_516.png,1,1,1,73.91,22.12,2.46,3.71,0.5614,0.1871,0.8627,16.73,4.42,1.41,3.93,0.02,0.35,42,82.45043484,8.399290579,243.4441074
wsj176.png,http://web.cse.ohio-state.edu/~li.8950/data/image/vis2K/wsj176.png,1,1,2,67.9,17.35,3.82,4.97,0.1689,0.0572,0.8769,12.57,5,1.41,3.98,0.02,0.28,341,86.34565003,3.519232303,258.6053945
wsj521.png,http://web.cse.ohio-state.edu/~li.8950/data/image/vis2K/wsj521.png,2,1,1,53.26,9.18,3.96,4.62,0.1774,0.1645,0.8785,15.04,4.6,1.41,4.16,0.02,0.29,379,84.86226736,7.583818443,101.7450996
v487_n7405_22_f1.png,http://web.cse.ohio-state.edu/~li.8950/data/image/vis2K/v487_n7405_22_f1.png,2,2,2,53.57,9.57,2.46,6.89,0.1326,0.0115,0.9519,17.17,5.83,1.4,3.77,0.01,0.29,122,95.0705976,0.176562212,128.6436758
wsj360.png,http://web.cse.ohio-state.edu/~li.8950/data/image/vis2K/wsj360.png,2,1,2,53.33,9.38,4.08,5.25,0.5318,0.1053,0.9077,12.9,5.42,1.4,4.11,0.03,0.3,366,86.49002447,4.368424095,5.54802243
treasuryK05_1.png,http://web.cse.ohio-state.edu/~li.8950/data/image/vis2K/treasuryK05_1.png,3,2,1,52.27,9.09,2.52,3.94,0.1054,0.1093,0.8965,14.23,3.2,1.39,3.69,0.05,0.34,74,86.43788805,5.109553857,274.1706915
wsj220.png,http://web.cse.ohio-state.edu/~li.8950/data/image/vis2K/wsj220.png,1,1,1,62.22,14.14,3.09,4.13,0.4756,0.1505,0.9064,11.74,3.62,1.39,4.12,0.01,0.29,346,88.05171836,9.189323597,93.16371135
wsj540.png,http://web.cse.ohio-state.edu/~li.8950/data/image/vis2K/wsj540.png,2,2,2,48.15,7.53,4.16,4.53,0.1285,0.1098,0.9061,17.19,5.15,1.39,3.92,0.02,0.28,384,88.86480633,8.140049001,94.20069336
economist_daily_chart_110.png,http://web.cse.ohio-state.edu/~li.8950/data/image/vis2K/economist_daily_chart_110.png,1,1,1,77.53,26.53,4.05,4.42,0.1504,0.1389,0.9531,15.52,5.94,1.38,4.2,0.02,0.29,3,89.66471015,10.78573982,43.89590483
whoB05_1.png,http://web.cse.ohio-state.edu/~li.8950/data/image/vis2K/whoB05_1.png,2,1,1,48.89,8,2.27,4.69,0.2237,0.1253,0.8519,13.17,4.41,1.38,3.75,0.06,0.31,254,81.71937054,11.55832854,324.4829969
economist_daily_chart_520.png,http://web.cse.ohio-state.edu/~li.8950/data/image/vis2K/economist_daily_chart_520.png,1,1,2,60.47,13.54,2.65,3.92,0.5574,0.1265,0.8671,16.65,5.31,1.37,3.72,0.01,0.32,43,83.79826372,6.741557143,239.825629
economist_daily_chart_53.png,http://web.cse.ohio-state.edu/~li.8950/data/image/vis2K/economist_daily_chart_53.png,2,1,1,45.98,7.07,3.27,4.88,0.0278,0.0203,0.9604,17.41,5.57,1.37,3.68,0.01,0.32,46,95.92096616,0.309784179,250.5204934
v485_n7399_9_f2.png,http://web.cse.ohio-state.edu/~li.8950/data/image/vis2K/v485_n7399_9_f2.png,1,2,2,43.68,6.32,1.44,3.76,0.0628,0.05,0.9757,16.99,2.2,1.37,3.05,0.01,0.29,109,96.21030828,0.829984131,57.73554347
visMost240.png,http://web.cse.ohio-state.edu/~li.8950/data/image/vis2K/visMost240.png,2,3,2,54.65,10.64,4.21,4.69,0.097,0.033,0.8952,16.33,5.36,1.36,4.06,0.02,0.27,208,89.35962843,0.647097216,10.27215851
visMost52.png,http://web.cse.ohio-state.edu/~li.8950/data/image/vis2K/visMost52.jpeg,3,3,3,57.61,12.26,6.43,7.16,0.0964,0.0545,0.8548,16.06,10.01,1.35,3.6,0.03,0.31,229,85.34342896,1.393788643,96.68516296
v484_n7394_5_f5.png,http://web.cse.ohio-state.edu/~li.8950/data/image/vis2K/v484_n7394_5_f5.png,1,1,1,29.35,2.97,2.3,3.97,0.3632,0.0135,0.8726,10.22,3.19,1.34,3.2,0.01,0.29,101,87.67400296,1.093462687,282.1970117
whoQ26.png,http://web.cse.ohio-state.edu/~li.8950/data/image/vis2K/whoQ26.png,1,1,1,42.68,6.32,3.3,5.44,0.2935,0.057,0.9452,9.58,5.47,1.34,3.51,0.01,0.26,318,92.90436076,1.954889469,228.0480194
economist_daily_chart_490.png,http://web.cse.ohio-state.edu/~li.8950/data/image/vis2K/economist_daily_chart_490.png,1,1,1,48.89,8.82,2.65,4.82,0.5592,0.1083,0.8634,16.87,7.39,1.32,3.42,0.01,0.29,38,83.84867012,6.723236748,236.3840422
v484_n7393_20_f1.png,http://web.cse.ohio-state.edu/~li.8950/data/image/vis2K/v484_n7393_20_f1.png,1,3,3,75.58,26.37,4.98,10.01,0.2536,0.18,0.8604,14.14,10.19,1.32,3.62,0.06,0.27,97,81.76181582,4.966897887,56.3217171
wsj359.png,http://web.cse.ohio-state.edu/~li.8950/data/image/vis2K/wsj359.png,3,2,2,67.42,19.19,3.24,4.99,0.1352,0.1083,0.9137,17.04,4.52,1.32,4.03,0.02,0.27,365,89.47902805,7.426621997,94.44493662
economist_daily_chart_35.png,http://web.cse.ohio-state.edu/~li.8950/data/image/vis2K/economist_daily_chart_35.png,3,1,1,64.29,17.35,2.2,4.59,0.0697,0.0336,0.968,15.87,6.18,1.31,3.64,0.01,0.3,22,96.08608101,1.573260151,233.530569
economist_daily_chart_454.png,http://web.cse.ohio-state.edu/~li.8950/data/image/vis2K/economist_daily_chart_454.png,3,2,1,67.07,19.61,2.65,3.68,0.5491,0.2038,0.8653,16.66,4.73,1.3,3.8,0.02,0.34,34,82.27737733,9.681413987,239.4515018
v488_n7413_3_f2.png,http://web.cse.ohio-state.edu/~li.8950/data/image/vis2K/v488_n7413_3_f2.png,3,3,3,58.62,13.86,3.54,6.6,0.1454,0.0696,0.94,15.83,7.4,1.3,3.81,0.02,0.27,141,91.99093379,1.662013711,30.27308836
visMost645.png,http://web.cse.ohio-state.edu/~li.8950/data/image/vis2K/visMost645.png,2,1,1,43.96,7.29,6.8,3.37,0.5924,0.4654,0.6012,16.54,7.2,1.3,4.09,0.01,0.29,240,46.80472806,24.90722569,271.9724901
economist_daily_chart_85.png,http://web.cse.ohio-state.edu/~li.8950/data/image/vis2K/economist_daily_chart_85.png,1,1,1,65.12,18.48,2.36,4.66,0.0889,0.1036,0.9133,14.91,4.9,1.29,3.6,0.04,0.3,51,90.30966766,2.532338351,238.2234173
treasuryD05_1.png,http://web.cse.ohio-state.edu/~li.8950/data/image/vis2K/treasuryD05_1.png,1,2,2,21.74,1.9,2.29,6.87,0.0602,0.1004,0.9058,16.08,7.19,1.29,3.44,0.05,0.3,62,87.89882538,4.141392071,302.1022421
wsj9.png,http://web.cse.ohio-state.edu/~li.8950/data/image/vis2K/wsj9.png,1,2,1,56.1,12.77,3,4.79,0.1155,0.1311,0.9152,17.23,4.13,1.29,3.47,0.02,0.29,392,88.05748601,10.33977416,72.60190587
vis564.png,http://web.cse.ohio-state.edu/~li.8950/data/image/vis2K/vis564.png,2,2,2,56.47,13.13,3.51,4.42,0.0964,0.0578,0.2813,14.96,9.1,1.28,3.49,0.02,0.31,176,28.88743474,3.827424807,141.7346764
v485_n7397_15_f1.png,http://web.cse.ohio-state.edu/~li.8950/data/image/vis2K/v485_n7397_15_f1.png,2,3,1,45.35,8.25,1.78,3.75,0.0686,0.0277,0.9759,17.43,3.21,1.27,3.55,0.01,0.27,106,96.99724667,1.95305497,94.32965188
v488_n7412_9_f1.png,http://web.cse.ohio-state.edu/~li.8950/data/image/vis2K/v488_n7412_9_f1.png,3,2,3,42.17,7.14,5.88,6.64,0.2616,0.0709,0.754,12.21,11.56,1.27,3.6,0.02,0.27,140,75.50819734,3.779293321,73.90346197
vis673.png,http://web.cse.ohio-state.edu/~li.8950/data/image/vis2K/vis673.png,1,3,2,61.36,16.33,4.47,6.07,0.433,0.0475,0.9252,14.5,12.44,1.27,3.11,0.01,0.33,183,92.02920724,2.417976544,153.601754
treasuryD04_3.png,http://web.cse.ohio-state.edu/~li.8950/data/image/vis2K/treasuryD04_3.png,1,1,1,33.68,4.67,3.24,7.21,0.3404,0.1183,0.8793,8.92,9.52,1.26,3.38,0.04,0.3,61,83.98193435,7.176464539,274.4002323
wsj481.png,http://web.cse.ohio-state.edu/~li.8950/data/image/vis2K/wsj481.png,1,1,1,71.43,24.3,4.23,4.87,0.1425,0.1383,0.888,16.5,4.54,1.26,4.11,0.03,0.28,374,86.57837445,7.423300941,96.50180342
v487_n7408_15_f3.png,http://web.cse.ohio-state.edu/~li.8950/data/image/vis2K/v487_n7408_15_f3.png,3,1,1,58.51,15,2.25,4.95,0.1765,0.0141,0.8764,17.54,3.55,1.25,3.39,0.06,0.35,130,87.57385404,0.269784882,358.270423
whoI19.png,http://web.cse.ohio-state.edu/~li.8950/data/image/vis2K/whoI19.png,2,1,1,34.38,4.95,3.44,5.4,0,0.0002,0.9311,17.89,5.99,1.25,3.78,0.02,0.28,267,93.43374793,0.0071094,63.18556114
wsj172.png,http://web.cse.ohio-state.edu/~li.8950/data/image/vis2K/wsj172.png,1,2,2,58.54,15.31,3.92,4.83,0.1794,0.1698,0.9107,15.64,4.9,1.24,3.93,0.02,0.29,340,86.77164348,12.97740359,72.13569412
visMost267.png,http://web.cse.ohio-state.edu/~li.8950/data/image/vis2K/visMost267.png,2,2,2,62.77,18.27,3.59,5.08,0.5485,0.7953,0.4876,16.43,9.01,1.23,3.63,0.01,0.29,213,35.06721597,24.18743113,264.3005994
whoI12_2.png,http://web.cse.ohio-state.edu/~li.8950/data/image/vis2K/whoI12_2.png,3,1,2,78.02,32.32,4.33,5.26,0,0.0001,0.9123,17.87,10.63,1.23,3.8,0.02,0.28,265,91.76505331,0.005986917,73.37745915
wsj11.png,http://web.cse.ohio-state.edu/~li.8950/data/image/vis2K/wsj11.png,1,1,1,50,10.89,3.23,4.46,0.4947,0.1315,0.9373,11.55,3.9,1.23,3.31,0.02,0.29,331,88.79289627,7.43833859,53.66659788
wsj135.png,http://web.cse.ohio-state.edu/~li.8950/data/image/vis2K/wsj135.png,1,2,2,58.62,15.46,3.89,5.36,0.1462,0.1892,0.8864,16.57,4.84,1.23,3.83,0.03,0.3,334,85.27559038,11.3362286,94.70323281
wsj259.png,http://web.cse.ohio-state.edu/~li.8950/data/image/vis2K/wsj259.png,3,2,2,33.73,4.95,4.71,6.04,0.2216,0.0694,0.9351,13.58,6.79,1.23,3.72,0.02,0.28,350,91.95359528,0.160035838,214.6595405
v487_n7405_21_f2.png,http://web.cse.ohio-state.edu/~li.8950/data/image/vis2K/v487_n7405_21_f2.png,2,2,2,54.22,13.4,2.73,5.17,0.1184,0.0624,0.9359,15.74,4.82,1.21,3.84,0.03,0.31,121,91.06849244,3.682522966,306.2409016
visMost248.png,http://web.cse.ohio-state.edu/~li.8950/data/image/vis2K/visMost248.png,2,3,3,51.04,11.88,6.77,8.03,0.3234,0.2159,0.8863,10.15,11.84,1.21,3.86,0.03,0.31,210,83.2485035,5.641051641,83.47911281
treasuryG02_2.png,http://web.cse.ohio-state.edu/~li.8950/data/image/vis2K/treasuryG02_2.png,3,3,2,38.2,6.67,2.28,6.71,0.0339,0.1075,0.9406,16.25,6.96,1.2,3.9,0.04,0.32,65,90.74005424,4.53959656,43.70238376
v488_n7410_15_f3.png,http://web.cse.ohio-state.edu/~li.8950/data/image/vis2K/v488_n7410_15_f3.png,2,3,2,33.33,5.1,4.42,4.89,0.3279,0.276,0.9289,8.15,5.21,1.2,3.73,0.01,0.29,132,87.25219236,12.78778885,108.1339845
v488_n7412_1_f4.png,http://web.cse.ohio-state.edu/~li.8950/data/image/vis2K/v488_n7412_1_f4.png,1,1,1,36.26,6,1.44,4.56,0.0593,0.0014,0.9666,17.96,3.47,1.2,2.65,0.01,0.29,136,96.76033112,0.057339472,347.5091615
v490_n7419_2_f2.png,http://web.cse.ohio-state.edu/~li.8950/data/image/vis2K/v490_n7419_20_f3.png,2,2,1,45.12,9.28,1.27,3.61,0.1278,0.0651,0.964,17.74,3.16,1.2,4.05,0,0.28,157,95.32869802,6.179393726,96.10340882
visMost143.png,http://web.cse.ohio-state.edu/~li.8950/data/image/vis2K/visMost143.png,3,2,1,43.04,8.51,2.21,4.86,0.0487,0.0952,0.9346,17.18,4.75,1.2,3.75,0.01,0.29,200,92.28807567,8.100124037,98.37226399
economist_daily_chart_116.png,http://web.cse.ohio-state.edu/~li.8950/data/image/vis2K/economist_daily_chart_116.png,2,2,2,46.51,10,3.12,3.9,0.0885,0.0716,0.9199,14.91,4.47,1.19,4.11,0.02,0.32,4,91.26496719,2.783682607,222.8372306
v488_n7412_7_f1.png,http://web.cse.ohio-state.edu/~li.8950/data/image/vis2K/v488_n7412_7_f1.png,2,3,1,57.95,16.16,2.75,6.59,0.142,0.0766,0.9304,15.8,5.64,1.19,3.88,0.04,0.29,138,90.59025053,3.156123982,351.7907232
v489_n7415_7_f2.png,http://web.cse.ohio-state.edu/~li.8950/data/image/vis2K/v489_n7415_7_f2.png,1,1,2,60,17.53,1.44,4.69,0.0678,0.0079,0.9755,17.42,3.38,1.19,3.49,0.01,0.28,145,97.30512975,0.512355758,287.8857303
treasuryG01_2.png,http://web.cse.ohio-state.edu/~li.8950/data/image/vis2K/treasuryG01_2.png,1,1,1,34.67,5.81,1.96,5.92,0.0208,0.0468,0.947,17.41,6.54,1.18,3.67,0.02,0.3,64,94.64645044,5.673570185,106.4376756
v486_n7401_8_f1.png,http://web.cse.ohio-state.edu/~li.8950/data/image/vis2K/v486_n7401_8_f1.png,3,3,3,50.55,12.26,2.39,6.08,0.1129,0.0435,0.9672,15.91,7.04,1.18,3.82,0.01,0.29,113,95.46850438,0.448983105,295.7461935
v490_n7419_2_f1.png,http://web.cse.ohio-state.edu/~li.8950/data/image/vis2K/v490_n7419_2_f2.png,2,1,1,62.92,19.8,1.38,4.07,0.1262,0.0671,0.9586,17.68,3.69,1.18,3.77,0.01,0.3,156,94.68652574,6.262988708,94.03830203
whoJ40_2.png,http://web.cse.ohio-state.edu/~li.8950/data/image/vis2K/whoJ40_2.png,1,2,1,43.01,8.74,1.5,4.5,0.0335,0.0908,0.9634,16.87,3.92,1.18,3.53,0.02,0.32,277,93.26480099,3.698193756,37.02499011
economist_daily_chart_69.png,http://web.cse.ohio-state.edu/~li.8950/data/image/vis2K/economist_daily_chart_69.png,1,2,1,56.99,16,1.79,4.5,0.0456,0.0261,0.976,17.66,4.97,1.17,3.68,0.01,0.32,49,96.75905821,1.448880131,31.78059748
v483_n7390_14_f2.png,http://web.cse.ohio-state.edu/~li.8950/data/image/vis2K/v483_n7390_14_f2.png,1,1,2,69.05,25,0.93,2.18,0,0,0.0229,17.06,2.56,1.17,2.9,0,0.3,90,97.62171206,0.005153125,117.814134
visMost132.png,http://web.cse.ohio-state.edu/~li.8950/data/image/vis2K/visMost132.png,3,3,3,59.34,18.1,4.61,5.29,0.1088,0.1314,0.1604,14.65,9.56,1.15,3.41,0.03,0.28,199,13.56919106,2.146758756,340.0118507
economist_daily_chart_310.png,http://web.cse.ohio-state.edu/~li.8950/data/image/vis2K/economist_daily_chart_310.png,1,1,1,50,12.79,3.21,6.16,0.5417,0.0885,0.8708,16.36,10.73,1.14,3.12,0.01,0.28,19,85.1720166,5.528194462,234.4139818
economist_daily_chart_406.png,http://web.cse.ohio-state.edu/~li.8950/data/image/vis2K/economist_daily_chart_406.png,2,2,3,46.51,10.89,4.2,5.8,0.531,0.1128,0.8535,14.28,7.95,1.14,3.84,0.02,0.28,27,83.44389219,4.896381719,219.0792037
v487_n7405_7_f1.png,http://web.cse.ohio-state.edu/~li.8950/data/image/vis2K/v487_n7405_7_f1.png,3,3,2,39.36,7.92,2.03,5.14,0.0825,0.01,0.9669,17.58,5.75,1.14,3.94,0.01,0.3,124,96.5633574,0.110237003,75.35187706
whoB19_1.png,http://web.cse.ohio-state.edu/~li.8950/data/image/vis2K/whoB19_1.png,1,3,1,46.59,11,1.08,4.07,0.0129,0.008,0.9702,17.73,4.21,1.14,3.74,0.01,0.28,257,96.95357986,0.199203697,14.93943616
v483_n7387_20_f2.png,http://web.cse.ohio-state.edu/~li.8950/data/image/vis2K/v483_n7387_20_f2.png,1,3,1,76.74,34.65,3.34,6.58,0.1823,0.0803,0.9184,14.89,7.07,1.13,3.62,0.03,0.27,84,90.32882374,1.406940116,24.12455802
whoB24_1.png,http://web.cse.ohio-state.edu/~li.8950/data/image/vis2K/whoB24_1.png,1,1,1,30.59,5.05,1.14,4.41,0.015,0.0051,0.9623,17.67,4.01,1.13,3.68,0.01,0.29,260,96.2213437,0.452631624,324.4732793
wsj533.png,http://web.cse.ohio-state.edu/~li.8950/data/image/vis2K/wsj533.png,2,2,2,40.86,8.74,4.56,6.08,0.0225,0.011,0.8604,17.27,6.24,1.13,3.91,0.02,0.28,381,86.73689609,0.384125458,271.8805852
treasuryG06_2.png,http://web.cse.ohio-state.edu/~li.8950/data/image/vis2K/treasuryG06_2.png,3,3,2,33.73,6.12,2.69,5.99,0.0548,0.0698,0.9426,16.85,9.2,1.12,3.43,0.02,0.36,67,92.95614706,2.474899571,112.0540797
wsj54.png,http://web.cse.ohio-state.edu/~li.8950/data/image/vis2K/wsj54.png,1,2,1,74.16,32,3.33,4.8,0.038,0.0209,0.8865,17.17,4.4,1.12,3.96,0.02,0.28,383,88.82095219,0.600047261,6.610019803
v485_n7399_13_f4.png,http://web.cse.ohio-state.edu/~li.8950/data/image/vis2K/v485_n7399_13_f4.png,3,3,2,38.71,8.16,2.91,5.54,0.1496,0.0634,0.9517,14.67,7.02,1.11,3.92,0.01,0.29,108,94.40406798,2.292715587,192.0993652
v490_n7418_1_f2.png,http://web.cse.ohio-state.edu/~li.8950/data/image/vis2K/v490_n7418_14_f2.png,2,3,2,26.44,4.08,3.06,7.74,0.1243,0.0333,0.9361,17.04,7.92,1.11,3.64,0.02,0.29,152,92.76462976,1.342764749,22.31151672
economist_daily_chart_430.png,http://web.cse.ohio-state.edu/~li.8950/data/image/vis2K/economist_daily_chart_430.png,2,2,1,60.87,20.59,2.37,3.46,0.5509,0.128,0.883,16.83,5.55,1.1,3.64,0.01,0.36,29,85.38017666,6.99392845,234.8580689
treasuryK01.png,http://web.cse.ohio-state.edu/~li.8950/data/image/vis2K/treasuryK01.png,1,1,1,35.87,7.22,2.38,4.23,0.0069,0.0037,0.9341,17.76,5.32,1.1,3.71,0.01,0.3,71,93.82247379,0.185795781,271.0668051
wsj474.png,http://web.cse.ohio-state.edu/~li.8950/data/image/vis2K/wsj474.png,2,3,2,49.45,13.27,4.12,5.29,0.1408,0.14,0.8993,16.6,5.84,1.1,4.13,0.02,0.27,373,87.35410812,9.548032429,92.33320298
wsj508.png,http://web.cse.ohio-state.edu/~li.8950/data/image/vis2K/wsj508.png,2,2,2,55,16.49,3.64,4.59,0.5566,0.0993,0.9204,12.91,4.27,1.1,3.93,0.02,0.28,376,89.58513887,0.728098129,138.929989
v483_n7389_24_f3.png,http://web.cse.ohio-state.edu/~li.8950/data/image/vis2K/v483_n7389_24_f3.png,2,2,1,46.59,12,2.61,5.04,0.1637,0.043,0.9475,15.79,3.7,1.09,3.52,0.01,0.3,89,93.74152064,1.7493609,83.73039462
whoB03_1.png,http://web.cse.ohio-state.edu/~li.8950/data/image/vis2K/whoB03_1.png,2,1,1,50.57,14.29,2.08,4.77,0.1487,0.0574,0.9058,14.8,4.56,1.08,3.32,0.03,0.34,253,88.87086443,5.793982729,322.8346379
wsj459.png,http://web.cse.ohio-state.edu/~li.8950/data/image/vis2K/wsj459.png,2,1,2,36.17,7.55,3.61,5.19,0.5791,0.0683,0.9046,14.29,4.76,1.08,3.95,0.02,0.28,371,88.74003534,1.001848469,234.0157119
treasuryL03_2.png,http://web.cse.ohio-state.edu/~li.8950/data/image/vis2K/treasuryL03_2.png,1,3,2,60.22,20.79,1.96,4.2,0.0667,0.0828,0.9156,15.78,3.44,1.07,3.32,0.04,0.33,76,88.86906287,2.253663476,314.4137743
whoK04_2.png,http://web.cse.ohio-state.edu/~li.8950/data/image/vis2K/whoK04_2.png,2,1,1,38.27,8.51,2.97,3.71,0.1238,0.1332,0.9374,13.92,5.22,1.07,4.07,0.03,0.33,281,90.24653525,6.453625356,251.4460117
whoK08.png,http://web.cse.ohio-state.edu/~li.8950/data/image/vis2K/whoK08.png,1,1,1,46.07,12.12,2.02,5.59,0.0241,0.0069,0.9582,17.89,8.91,1.07,3.54,0.01,0.29,284,95.98735111,0.254190959,97.37549301
wsj167.png,http://web.cse.ohio-state.edu/~li.8950/data/image/vis2K/wsj167.png,2,2,2,60.67,21.15,4.24,4.27,0.1232,0.1559,0.8963,15.67,4.86,1.07,3.95,0.02,0.28,338,85.90182039,11.72194575,77.69025451
wsj277.png,http://web.cse.ohio-state.edu/~li.8950/data/image/vis2K/wsj277.png,2,2,2,40.43,9.52,4.18,4.45,0.0509,0.068,0.8344,16.19,4.06,1.07,4,0.04,0.31,355,82.53484521,1.298241069,333.9367065
wsj294.png,http://web.cse.ohio-state.edu/~li.8950/data/image/vis2K/wsj294.png,2,2,2,58.06,19.42,4.34,4.84,0.1228,0.1426,0.9062,17.47,5.58,1.07,3.95,0.01,0.28,359,88.47615754,11.93779973,91.96881076
economist_daily_chart_54.png,http://web.cse.ohio-state.edu/~li.8950/data/image/vis2K/economist_daily_chart_54.png,3,2,2,30.23,5.77,2.66,6.38,0.1103,0.048,0.9753,14.88,9.67,1.06,3.44,0.01,0.28,47,96.06026438,0.586386667,246.2829199
economist_daily_chart_380.png,http://web.cse.ohio-state.edu/~li.8950/data/image/vis2K/economist_daily_chart_380.png,1,1,1,50,14.71,2.13,3.48,0.5552,0.1156,0.8857,16.97,5.23,1.05,3.84,0,0.33,23,85.83122486,7.010918667,236.0055653
treasuryA10.png,http://web.cse.ohio-state.edu/~li.8950/data/image/vis2K/treasuryA10.png,1,1,2,45.68,12.37,1.79,4.83,0.0116,0.0232,0.9309,17.5,5.14,1.05,3.65,0.02,0.33,57,92.74664268,1.198972133,59.97171153
treasuryL16.png,http://web.cse.ohio-state.edu/~li.8950/data/image/vis2K/treasuryL16.png,1,3,2,20.69,3.09,1.33,4.73,0.0262,0.0186,0.9597,17.31,3.79,1.05,3.11,0.01,0.34,81,95.22288056,1.183638862,304.0802461
whoJ40_1.png,http://web.cse.ohio-state.edu/~li.8950/data/image/vis2K/whoJ40_1.png,2,2,1,28.4,5.21,1.6,5.34,0.0379,0.043,0.9614,16.68,5.97,1.05,3.3,0.01,0.33,276,95.1610809,1.772307544,263.447156
whoI11_1.png,http://web.cse.ohio-state.edu/~li.8950/data/image/vis2K/whoI11_1.png,3,1,2,77.91,39.39,3.25,3.99,0,0.0001,0.9283,17.88,6.48,1.04,3.53,0.02,0.29,263,93.20093708,0.00651243,68.32382601
economist_daily_chart_18.png,http://web.cse.ohio-state.edu/~li.8950/data/image/vis2K/economist_daily_chart_18.png,2,1,2,50,15.09,3.65,5.68,0.0236,0.0053,0.9086,17.94,8.89,1.03,3.45,0.01,0.26,10,91.56387999,0.261066455,73.25850675
v490_n7418_12_f1.png,http://web.cse.ohio-state.edu/~li.8950/data/image/vis2K/v490_n7418_1_f2.png,3,3,2,54.65,18.18,2.02,5.5,0.0792,0.0368,0.9625,17.61,5.01,1.03,3.29,0.02,0.3,150,94.95954874,2.795328788,48.95219825
economist_daily_chart_103.png,http://web.cse.ohio-state.edu/~li.8950/data/image/vis2K/economist_daily_chart_103.png,2,3,1,41.76,10.89,2.99,4.14,0.1938,0.0486,0.9441,13.1,5.1,1.02,4.11,0.01,0.31,1,93.26754357,1.153630535,32.93474341
economist_daily_chart_187.png,http://web.cse.ohio-state.edu/~li.8950/data/image/vis2K/economist_daily_chart_187.png,1,1,1,50.59,16.16,2.27,5.65,0.0795,0.0818,0.9326,15.44,7.53,1,3.62,0.03,0.36,11,92.39524622,2.045617743,239.8382194
economist_daily_chart_5.png,http://web.cse.ohio-state.edu/~li.8950/data/image/vis2K/economist_daily_chart_5.png,1,1,1,67.5,29.35,2.76,4.9,0.1838,0.2122,0.8598,11.88,4.64,1,3.58,0.07,0.36,41,83.50144276,5.705213825,242.4017834
treasuryK06.png,http://web.cse.ohio-state.edu/~li.8950/data/image/vis2K/treasuryK06.png,3,2,2,22.47,3.96,1.91,4.12,0.0393,0.0531,0.934,16.81,3.77,1,3.62,0.03,0.32,75,92.12178712,1.657867702,301.6091936
v482_n7386_5_f5.png,http://web.cse.ohio-state.edu/~li.8950/data/image/vis2K/v482_n7386_5_f5.png,1,2,2,50.57,16.16,3.39,5.88,0.1264,0.0452,0.92,16.88,5.84,1,3.98,0.02,0.3,82,91.55380263,2.562139743,99.64834145
wsj405.png,http://web.cse.ohio-state.edu/~li.8950/data/image/vis2K/wsj405.png,2,2,2,45.98,13.68,4.79,5.04,0.5406,0.064,0.8727,14.01,7.58,0.99,3.82,0.03,0.29,369,85.32133998,2.825243593,259.6282556
v484_n7393_6_f4.png,http://web.cse.ohio-state.edu/~li.8950/data/image/vis2K/v484_n7393_6_f4.png,1,1,2,53.26,18.45,1.64,5.36,0.0771,0.0021,0.9613,17.94,4.05,0.98,3.63,0.01,0.34,98,96.21945713,0.085330786,349.5980532
wsj170.png,http://web.cse.ohio-state.edu/~li.8950/data/image/vis2K/wsj170.png,2,1,2,52.38,17.89,4.23,5.64,0.0704,0.0173,0.8878,16.34,7.31,0.98,3.84,0.01,0.26,339,89.27471923,0.68125794,242.9898509
economist_daily_chart_390.png,http://web.cse.ohio-state.edu/~li.8950/data/image/vis2K/economist_daily_chart_390.png,1,2,1,55.7,20.43,2.13,3.44,0.5562,0.1233,0.881,16.93,4.92,0.97,3.92,0,0.31,24,85.163315,7.378371165,235.8514975
whoM05.png,http://web.cse.ohio-state.edu/~li.8950/data/image/vis2K/whoM05.png,1,1,1,43.68,12.87,1.32,3.49,0,0,0.0504,16.97,4.87,0.97,3.26,0.01,0.33,297,93.87932651,0.00497226,117.8141347
treasuryB15.png,http://web.cse.ohio-state.edu/~li.8950/data/image/vis2K/treasuryB15.png,1,1,1,24.72,5.05,4.17,4.68,0.2684,0.0758,0.9322,9.54,6.78,0.96,3.95,0.01,0.29,60,89.60869519,6.253588475,274.0344946
v486_n7404_20_f6.png,http://web.cse.ohio-state.edu/~li.8950/data/image/vis2K/v486_n7404_20_f6.png,2,1,2,34.38,8.65,1.58,4.56,0.0822,0.0072,0.963,17.53,3.42,0.96,3.54,0.01,0.32,118,96.17177922,0.384636184,29.23775059
whoK17_1.png,http://web.cse.ohio-state.edu/~li.8950/data/image/vis2K/whoK17_1.png,2,1,1,30.43,7,1.67,2.87,0.021,0.0646,0.9674,18.01,3.24,0.96,3.83,0.01,0.31,286,95.17561866,5.164583494,76.90284664
treasuryL04_1.png,http://web.cse.ohio-state.edu/~li.8950/data/image/vis2K/treasuryL04_1.png,1,1,1,53.33,19.61,3.09,8.94,0.0242,0.1076,0.9079,17.75,11.04,0.94,3.42,0.03,0.33,77,87.40795072,8.598576835,70.06892899
v485_n7397_6_f4.png,http://web.cse.ohio-state.edu/~li.8950/data/image/vis2K/v485_n7397_6_f4.png,2,3,2,62.22,26.53,1.91,5.22,0.0925,0.0237,0.965,17.2,3.88,0.94,3.73,0.01,0.29,107,95.75890845,1.032971295,45.79752815
v485_n7400_14_f2.png,http://web.cse.ohio-state.edu/~li.8950/data/image/vis2K/v485_n7400_14_f2.png,3,2,3,24.68,5.26,3.81,6.51,0.1863,0.0882,0.8984,15,6.43,0.94,3.98,0.03,0.29,111,87.49647424,5.589000875,53.22537678
visMost496.png,http://web.cse.ohio-state.edu/~li.8950/data/image/vis2K/visMost496.png,3,3,3,38.64,10.89,4.97,8.35,0.2462,0.0733,0.8967,9.73,9.01,0.94,3.46,0.04,0.28,227,87.93503324,0.802632706,273.4399481
wsj108.png,http://web.cse.ohio-state.edu/~li.8950/data/image/vis2K/wsj108.png,2,2,1,51.09,18,3.42,4.53,0.2944,0.1095,0.94,16.42,5.22,0.94,4.12,0.01,0.27,330,92.26576041,10.44225573,107.3631308
economist_daily_chart_392.png,http://web.cse.ohio-state.edu/~li.8950/data/image/vis2K/economist_daily_chart_392.png,2,1,1,74.42,39.18,3.07,4.25,0.5535,0.262,0.8031,16.65,5.32,0.93,3.71,0.04,0.32,25,76.12881809,10.15831968,239.2818636
wsj262.png,http://web.cse.ohio-state.edu/~li.8950/data/image/vis2K/wsj262.png,2,2,2,72.41,36.84,4.37,6.02,0.1418,0.112,0.8954,16.51,5.76,0.93,3.86,0.02,0.27,351,87.12940077,7.051332512,80.03450165
economist_daily_chart_491.png,http://web.cse.ohio-state.edu/~li.8950/data/image/vis2K/economist_daily_chart_491.png,1,1,1,75.58,41.24,3.06,4.13,0.5513,0.2539,0.8601,16.51,5.44,0.91,3.78,0.02,0.36,39,80.50474519,11.78950826,241.4485169
treasuryI02_1.png,http://web.cse.ohio-state.edu/~li.8950/data/image/vis2K/treasuryI02_1.png,2,2,2,35.9,10.23,2.57,6.2,0.0883,0.0711,0.9279,14.97,6.59,0.91,3.78,0.03,0.34,70,90.86877313,3.208442173,257.032879
economist_daily_chart_165.png,http://web.cse.ohio-state.edu/~li.8950/data/image/vis2K/economist_daily_chart_165.png,1,1,1,69.05,34.41,2.63,4.57,0.1481,0.2212,0.8944,12.46,4.19,0.9,3.9,0.06,0.38,8,86.0254441,6.922096725,243.4393852
v486_n7404_9_f2.png,http://web.cse.ohio-state.edu/~li.8950/data/image/vis2K/v486_n7404_9_f2.png,3,3,2,36.56,10.68,2.17,5.87,0.0742,0.0235,0.9597,17.25,5.29,0.9,3.52,0.01,0.32,120,95.56245535,0.633508094,81.97710956
economist_daily_chart_449.png,http://web.cse.ohio-state.edu/~li.8950/data/image/vis2K/economist_daily_chart_449.png,1,1,2,55.68,22.77,3.08,4.77,0.5382,0.1868,0.8285,15.85,6.5,0.89,3.65,0.03,0.29,31,79.68438498,8.171592736,237.8929856
treasuryG07_2.png,http://web.cse.ohio-state.edu/~li.8950/data/image/vis2K/treasuryG07_2.png,1,2,1,40.96,13.13,1.05,5.13,0.0072,0.0087,0.9745,17.79,5.65,0.89,3.08,0.01,0.36,68,97.30256378,0.228445286,18.79676751
wsj28.png,http://web.cse.ohio-state.edu/~li.8950/data/image/vis2K/wsj28.png,1,1,2,34.88,10.1,4.29,5.71,0.2149,0.0979,0.8695,15.02,6.2,0.89,4.06,0.03,0.31,356,83.96433798,6.357498677,31.95638929
treasuryK03_2.png,http://web.cse.ohio-state.edu/~li.8950/data/image/vis2K/treasuryK03_2.png,2,1,2,69.05,35.11,3.26,5.42,0.1073,0.0977,0.8817,14.14,4.99,0.88,4.18,0.05,0.31,72,85.31496294,5.597160455,271.5579545
v484_n7394_8_f4.png,http://web.cse.ohio-state.edu/~li.8950/data/image/vis2K/v484_n7394_8_f4.png,1,1,1,60.87,27.45,1.51,4.7,0.081,0.0034,0.9564,17.92,3.45,0.88,3.03,0.01,0.31,103,95.69303508,0.09906338,351.8374138
economist_daily_chart_215.png,http://web.cse.ohio-state.edu/~li.8950/data/image/vis2K/economist_daily_chart_215.png,1,1,1,40,13.13,2.91,3.68,0.1164,0.1234,0.9499,13.94,4.77,0.87,4.04,0.02,0.27,13,91.97351643,5.622227441,248.2056786
economist_daily_chart_75.png,http://web.cse.ohio-state.edu/~li.8950/data/image/vis2K/economist_daily_chart_75.png,2,1,1,59.49,26.32,2,4.36,0.1181,0.1414,0.8976,14.46,3.64,0.87,3.83,0.05,0.33,50,88.28582334,3.43532834,243.9916816
v490_n7419_20_f3.png,http://web.cse.ohio-state.edu/~li.8950/data/image/vis2K/v490_n7419_2_f1.png,1,1,1,46.74,17.43,2.87,2.91,0,0,0.0581,16.97,8.73,0.86,3.62,0.01,0.27,155,95.1458209,0.005041059,117.8141339
v490_n7420_13_f4.png,http://web.cse.ohio-state.edu/~li.8950/data/image/vis2K/v490_n7420_13_f4.png,2,2,2,49.41,19,1.65,5.47,0.0701,0.0225,0.9758,17.32,4.26,0.86,3.78,0.01,0.29,159,96.699518,1.1743409,358.5297151
treasuryL11_2.png,http://web.cse.ohio-state.edu/~li.8950/data/image/vis2K/treasuryL11_2.png,1,3,1,56.18,24.49,1.89,4.19,0.0502,0.0718,0.9238,16.29,3.35,0.85,3.12,0.04,0.32,79,90.06488065,1.673069341,330.8446381
v490_n7418_6_f3.png,http://web.cse.ohio-state.edu/~li.8950/data/image/vis2K/v490_n7418_6_f3.png,1,2,2,56.63,24.74,1.54,4.73,0.0605,0.0102,0.9545,17.71,3.42,0.85,3.3,0.02,0.31,153,95.30347848,0.018858064,86.64850613
whoO06_2.png,http://web.cse.ohio-state.edu/~li.8950/data/image/vis2K/whoO06_2.png,1,2,1,38.2,12.77,2.39,4.02,0.5155,0.057,0.9009,13.9,4.89,0.84,3.17,0.01,0.32,308,88.41957673,1.9937302,16.10464044
economist_daily_chart_240.png,http://web.cse.ohio-state.edu/~li.8950/data/image/vis2K/economist_daily_chart_240.png,1,2,1,36.59,12.12,1.55,4.16,0.0281,0.0221,0.973,17.58,4.29,0.83,3.95,0.01,0.28,15,96.88251334,0.401760781,39.06288154
whoK23_2.png,http://web.cse.ohio-state.edu/~li.8950/data/image/vis2K/whoK23_2.png,3,2,2,70.79,38.95,2.68,3.96,0.0629,0.1298,0.9001,17.32,4.91,0.83,3.81,0.03,0.31,288,88.64829218,9.271436058,116.5788338
economist_daily_chart_99.png,http://web.cse.ohio-state.edu/~li.8950/data/image/vis2K/economist_daily_chart_99.png,2,1,1,67.78,36,4.09,3.66,0.054,0.141,0.9293,17.47,5.74,0.82,4.22,0.03,0.29,53,87.98425528,10.8416717,46.58574458
whoJ15_2.png,http://web.cse.ohio-state.edu/~li.8950/data/image/vis2K/whoJ15_2.png,2,1,1,32.1,9.89,2.36,5.86,0.1406,0.1228,0.9691,12.96,8.3,0.82,3.65,0.02,0.32,270,93.32421521,6.21730087,251.1450394
whoK06_2.png,http://web.cse.ohio-state.edu/~li.8950/data/image/vis2K/whoK06_2.png,2,3,1,53.41,23,2.5,3.52,0.1123,0.1178,0.9277,14.29,3.96,0.82,3.4,0.03,0.31,282,89.68975445,2.124094321,260.0690805
economist_daily_chart_439.png,http://web.cse.ohio-state.edu/~li.8950/data/image/vis2K/economist_daily_chart_439.png,1,1,1,68.97,37.5,2.55,3.16,0.552,0.2911,0.8379,16.75,3.44,0.81,3.96,0.03,0.38,30,78.22459235,12.17081018,241.1513771
whoN08.png,http://web.cse.ohio-state.edu/~li.8950/data/image/vis2K/whoN08.png,2,2,2,28.41,8.6,3.07,4.22,0.2544,0.0469,0.9322,10.71,6.6,0.8,3.71,0.01,0.31,299,91.99192113,1.086783404,223.3055339
treasuryK03_3.png,http://web.cse.ohio-state.edu/~li.8950/data/image/vis2K/treasuryK03_3.png,2,1,2,69.15,38.61,2.49,4.54,0.0642,0.0549,0.9151,15.73,3.75,0.79,3.65,0.03,0.34,73,89.96877464,3.133491383,271.4423031
v489_n7414_25_f2.png,http://web.cse.ohio-state.edu/~li.8950/data/image/vis2K/v489_n7414_25_f2.png,2,2,1,36.56,12.87,1.67,4.52,0.0883,0.0089,0.9589,17.18,3.68,0.79,3.15,0.01,0.31,143,95.72222243,0.514774437,296.8808628
whoK31.png,http://web.cse.ohio-state.edu/~li.8950/data/image/vis2K/whoK31.png,1,3,1,55.95,26.47,2.46,3.99,0.1045,0.1111,0.9612,14.83,6.75,0.78,4.23,0.01,0.3,289,93.44987742,3.456830317,114.9833804
whoQ41_1.png,http://web.cse.ohio-state.edu/~li.8950/data/image/vis2K/whoQ41_1.png,2,1,2,52.17,23.76,3.06,4.96,0.0601,0.1647,0.9179,17.29,5.64,0.77,3.52,0.04,0.38,320,87.49762183,11.37316362,59.55247735
economist_daily_chart_453.png,http://web.cse.ohio-state.edu/~li.8950/data/image/vis2K/economist_daily_chart_453.png,1,1,1,56.04,27.27,1.96,3.41,0.5563,0.1297,0.8886,16.93,4.65,0.76,3.84,0,0.28,33,85.72948857,7.490547225,237.121198
whoB20_1.png,http://web.cse.ohio-state.edu/~li.8950/data/image/vis2K/whoB20_1.png,2,3,2,54.02,25.51,2.71,6.85,0.0661,0.087,0.9206,16.16,7.53,0.76,3.62,0.03,0.32,258,90.04453282,1.676226871,31.05696172
whoB25_2.png,http://web.cse.ohio-state.edu/~li.8950/data/image/vis2K/whoB25_2.png,1,2,2,61.63,32.32,1.36,4.99,0.0276,0.0219,0.9685,17.35,5.44,0.75,3.85,0.01,0.3,261,96.48848186,0.272285366,30.34833771
whoN23_2.png,http://web.cse.ohio-state.edu/~li.8950/data/image/vis2K/whoN23_2.png,1,1,1,32.18,11.34,1.65,4,0.0713,0.0188,0.9403,16.28,3.91,0.75,3.7,0.02,0.31,305,93.97011704,0.685091433,247.0031023
whoQ14_2.png,http://web.cse.ohio-state.edu/~li.8950/data/image/vis2K/whoQ14_2.png,1,1,1,38.14,15.09,2.01,4.26,0.0539,0.0728,0.9501,17.33,4.61,0.73,3.48,0.02,0.32,315,93.23166542,4.921462227,57.84479607
v488_n7412_1_f3.png,http://web.cse.ohio-state.edu/~li.8950/data/image/vis2K/v488_n7412_1_f3.png,1,1,1,39.53,16.16,1.53,4.88,0.0711,0.0016,0.9638,17.95,3.97,0.72,3.39,0.01,0.33,135,96.49631419,0.06306151,344.8254338
whoB32_1.png,http://web.cse.ohio-state.edu/~li.8950/data/image/vis2K/whoB32_1.png,2,1,1,43.82,19.23,2.12,5.7,0.0658,0.077,0.9264,15.48,7.1,0.71,3.69,0.03,0.33,262,92.01057119,3.177602747,211.1935821
whoP16.png,http://web.cse.ohio-state.edu/~li.8950/data/image/vis2K/whoP16.png,2,1,1,34.88,13.59,1.87,5.61,0.0543,0.0092,0.9611,17.45,7.45,0.71,3.21,0.01,0.29,311,96.07597843,0.430891693,255.003773
whoQ42_1.png,http://web.cse.ohio-state.edu/~li.8950/data/image/vis2K/whoQ42_1.png,1,1,1,70.45,43,1.54,3.53,0.0457,0.0437,0.9639,17.44,3.42,0.71,3.29,0.01,0.32,321,95.35618311,2.925623248,57.55545986
whoL06.png,http://web.cse.ohio-state.edu/~li.8950/data/image/vis2K/whoL06.png,2,1,1,30.12,11.22,2.06,4.43,0.1164,0.1089,0.928,13.59,4.01,0.69,3.91,0.03,0.34,291,91.00603709,4.615453038,227.5738798
whoB13_2.png,http://web.cse.ohio-state.edu/~li.8950/data/image/vis2K/whoB13_2.png,3,3,3,30.38,11.58,3.73,4.23,0.2067,0.2023,0.8543,12.05,10.05,0.68,3.55,0.06,0.37,255,81.52932001,3.160683194,303.796138
wsj612.png,http://web.cse.ohio-state.edu/~li.8950/data/image/vis2K/wsj612.png,2,2,2,67.78,41.41,3.95,4.58,0.0576,0.0424,0.9024,16.98,4.94,0.68,3.88,0.02,0.28,390,89.32792391,2.115453764,38.96475224
economist_daily_chart_324.png,http://web.cse.ohio-state.edu/~li.8950/data/image/vis2K/economist_daily_chart_324.png,1,2,1,51.19,26.04,2.43,3.5,0.5491,0.1251,0.8842,16.73,4.76,0.67,3.72,0.01,0.31,21,85.60741909,7.082361375,235.6630935
whoB15_1.png,http://web.cse.ohio-state.edu/~li.8950/data/image/vis2K/whoB15_1.png,2,3,2,57.95,31.96,2.58,6.48,0.076,0.0852,0.9177,15.95,7.02,0.67,3.57,0.03,0.32,256,89.80509643,1.78239908,356.2652309
whoJ36_1.png,http://web.cse.ohio-state.edu/~li.8950/data/image/vis2K/whoJ36_1.png,1,1,1,25.88,9.38,1.59,4.69,0.0459,0.033,0.9483,16.69,4.47,0.67,3.46,0.01,0.33,274,94.59842578,0.965794849,155.4069425
v487_n7405_6_f4.png,http://web.cse.ohio-state.edu/~li.8950/data/image/vis2K/v487_n7405_6_f4.png,1,2,2,42.17,19.59,1.59,4.67,0.0866,0.0205,0.9758,17.1,3.28,0.66,3.47,0.01,0.29,123,96.98941511,0.349439152,316.1110585
whoJ15_1.png,http://web.cse.ohio-state.edu/~li.8950/data/image/vis2K/whoJ15_1.png,1,1,2,37.08,16.16,1.53,5.61,0.0438,0.0592,0.959,16.83,5.53,0.66,3.3,0.02,0.31,269,95.01115595,2.766715669,167.1590466
economist_daily_chart_167.png,http://web.cse.ohio-state.edu/~li.8950/data/image/vis2K/economist_daily_chart_167.png,1,1,1,59.77,34.34,2.61,5.24,0.1417,0.1842,0.8695,12.8,5.6,0.65,3.67,0.07,0.36,9,85.07844954,4.565282651,239.1415133
whoJ36_2.png,http://web.cse.ohio-state.edu/~li.8950/data/image/vis2K/whoJ36_2.png,1,2,2,35.8,15.56,1.12,4.8,0.0346,0.0367,0.9815,16.8,4.5,0.65,3.31,0.01,0.31,275,97.18672051,1.613119645,251.6435934
whoN21_1.png,http://web.cse.ohio-state.edu/~li.8950/data/image/vis2K/whoN21_1.png,2,2,1,42.86,20.2,1.67,3.77,0.07,0.0253,0.9414,16.34,3.77,0.65,3.26,0.02,0.3,303,93.81680498,0.861279933,250.3782527
whoN32_2.png,http://web.cse.ohio-state.edu/~li.8950/data/image/vis2K/whoN32_2.png,1,1,1,44.44,21.88,1.49,4.25,0.0635,0.0183,0.9453,16.44,5.15,0.64,3.97,0.02,0.31,306,94.46030623,0.662352271,246.5608078
whoJ48_2.png,http://web.cse.ohio-state.edu/~li.8950/data/image/vis2K/whoJ48_2.png,2,2,2,51.11,27.37,3.19,5.32,0.0529,0.0436,0.9571,16.55,8.3,0.63,3.76,0.01,0.3,280,94.90844512,0.967979087,227.0354501
whoQ11_1.png,http://web.cse.ohio-state.edu/~li.8950/data/image/vis2K/whoQ11_1.png,2,1,1,31.03,13.13,1.91,3.9,0.5416,0.0894,0.9331,15.99,7.19,0.63,3.74,0,0.29,314,90.42036982,4.444416817,244.420184
treasuryB04.png,http://web.cse.ohio-state.edu/~li.8950/data/image/vis2K/treasuryB04.png,2,2,3,21.98,8.16,3.12,5.42,0.0251,0.0291,0.9378,17.61,6.99,0.62,3.89,0.01,0.28,58,93.49670932,1.46435341,99.42114702
v483_n7387_5_f1.png,http://web.cse.ohio-state.edu/~li.8950/data/image/vis2K/v483_n7387_5_f1.png,2,2,3,48.78,26.32,1.96,5.13,0.0678,0.0125,0.9695,17.55,4.98,0.6,3.75,0.01,0.3,85,96.65842606,0.604188974,71.61365598
v488_n7411_6_f4.png,http://web.cse.ohio-state.edu/~li.8950/data/image/vis2K/v488_n7411_6_f4.png,2,2,2,38.82,18.75,2.01,5.77,0.0959,0.0274,0.965,17.27,4.56,0.6,3.64,0.01,0.31,133,95.75341833,1.054241874,54.04949691
whoI14.png,http://web.cse.ohio-state.edu/~li.8950/data/image/vis2K/whoI14.png,1,1,1,36.67,17.65,1.2,5.42,0,0.001,0.9623,17.96,4.86,0.59,3.2,0.01,0.32,266,96.38581451,0.034456829,27.93908005
whoJ32.png,http://web.cse.ohio-state.edu/~li.8950/data/image/vis2K/whoJ32.png,1,2,1,35.96,17.17,1.69,5.29,0.0366,0.0343,0.9591,16.85,5.78,0.59,3.09,0.01,0.32,272,95.4336434,0.851190241,198.445495
whoO12.png,http://web.cse.ohio-state.edu/~li.8950/data/image/vis2K/whoO12.png,2,1,1,46.67,25.71,3.24,4.08,0.3376,0.1369,0.9271,10.08,4.76,0.57,3.57,0.01,0.3,309,87.77044388,11.01655757,56.33000804
whoK12_2.png,http://web.cse.ohio-state.edu/~li.8950/data/image/vis2K/whoK12_2.png,1,2,1,57.78,36.17,2.17,4.5,0.0539,0.1066,0.9322,17.38,5.62,0.55,3.91,0.03,0.29,285,91.21721215,6.333924493,106.1858692
whoQ06_2.png,http://web.cse.ohio-state.edu/~li.8950/data/image/vis2K/whoQ06_2.png,1,1,1,36.9,18.75,1.94,4.51,0.0648,0.0258,0.9628,17.27,5.03,0.55,3.84,0.01,0.29,312,95.81411041,1.570193241,60.26193233
economist_daily_chart_258.png,http://web.cse.ohio-state.edu/~li.8950/data/image/vis2K/economist_daily_chart_258.png,3,1,2,38.89,20.41,2.44,4.2,0.5479,0.0989,0.8959,16.45,6.21,0.54,3.73,0.01,0.29,17,87.1949921,5.60991663,236.147625
whoJ33.png,http://web.cse.ohio-state.edu/~li.8950/data/image/vis2K/whoJ33.png,1,2,1,45.78,25.77,1.25,5.11,0.038,0.0339,0.9825,16.87,5.55,0.54,3.64,0.01,0.31,273,97.34416216,0.85695918,249.4140598
whoJ43_2.png,http://web.cse.ohio-state.edu/~li.8950/data/image/vis2K/whoJ43_2.png,1,1,1,38.3,20,2.45,6.32,0.0833,0.0939,0.9505,14.89,10.43,0.54,3.64,0.02,0.3,278,92.59300157,4.532608361,252.5721345
whoN10.png,http://web.cse.ohio-state.edu/~li.8950/data/image/vis2K/whoN10.png,2,2,2,31.76,15.46,3.61,5.14,0.2756,0.04,0.8956,11.19,6.52,0.54,3.94,0.03,0.31,300,88.67389911,1.071949199,236.6745475
v489_n7416_19_f3.png,http://web.cse.ohio-state.edu/~li.8950/data/image/vis2K/v489_n7416_19_f3.png,1,1,2,41.76,22.92,3.7,3.27,0,0,0.0779,16.93,11.97,0.53,2.94,0.02,0.28,147,93.43847828,0.004963675,117.8141339
economist_daily_chart_242.png,http://web.cse.ohio-state.edu/~li.8950/data/image/vis2K/economist_daily_chart_242.png,3,2,2,44.94,25.77,3.01,3.59,0.5416,0.3276,0.8778,16.39,4.24,0.52,4.22,0.03,0.3,16,80.16132938,14.54522352,243.0199628
economist_daily_chart_4.png,http://web.cse.ohio-state.edu/~li.8950/data/image/vis2K/economist_daily_chart_4.png,2,2,1,41.3,23.53,2.24,4.56,0.0829,0.0462,0.967,16.63,5.37,0.5,3.52,0.01,0.29,26,95.15932478,0.512304651,342.003967
wsj308.png,http://web.cse.ohio-state.edu/~li.8950/data/image/vis2K/wsj308.png,1,2,1,62.65,42.86,3.56,5.01,0.151,0.2075,0.9041,15.12,4.54,0.5,3.98,0.03,0.31,362,85.44555667,9.128391754,74.4815395
economist_daily_chart_66.png,http://web.cse.ohio-state.edu/~li.8950/data/image/vis2K/economist_daily_chart_66.png,2,2,2,42.5,25,1.93,4.43,0.0623,0.031,0.9743,16.75,5.12,0.49,3.68,0.01,0.36,48,96.69480421,0.547600779,258.2625024
treasuryI01_2.png,http://web.cse.ohio-state.edu/~li.8950/data/image/vis2K/treasuryI01_2.png,2,1,1,38.64,21.78,1.96,5.78,0.0267,0.014,0.9551,17.09,6.44,0.49,3.56,0.01,0.35,69,95.32655016,0.762867212,265.3343303
whoB22_1.png,http://web.cse.ohio-state.edu/~li.8950/data/image/vis2K/whoB22_1.png,2,1,1,44.83,26.88,2.93,5.71,0.3388,0.1129,0.861,10.91,5.95,0.49,3.92,0.05,0.32,259,82.71111599,10.98679625,323.1799685
whoN05.png,http://web.cse.ohio-state.edu/~li.8950/data/image/vis2K/whoN05.png,2,3,1,31.52,17,1.54,4.25,0.0474,0.0152,0.9633,17.49,4.59,0.47,3.31,0.01,0.31,298,96.24107095,0.328216757,30.52189781
whoQ44_4.png,http://web.cse.ohio-state.edu/~li.8950/data/image/vis2K/whoQ44_4.png,2,1,1,63.33,45.16,2.63,4.35,0.0777,0.105,0.9167,16.98,5.21,0.46,3.99,0.03,0.29,322,89.40161526,6.383976792,60.24793708
whoQ32_2.png,http://web.cse.ohio-state.edu/~li.8950/data/image/vis2K/whoQ32_2.png,2,1,1,23.53,12.09,1.84,4.97,0.0749,0.0122,0.9638,17.11,5.41,0.45,3.8,0.01,0.28,319,96.27435938,0.709406463,50.79270092
whoN16_1.png,http://web.cse.ohio-state.edu/~li.8950/data/image/vis2K/whoN16_1.png,1,1,1,40.48,25.25,2.07,4.46,0.0516,0.0253,0.9247,17.14,4.76,0.43,3.04,0.02,0.33,301,92.38513731,0.671858286,72.76997696
whoQ48_4.png,http://web.cse.ohio-state.edu/~li.8950/data/image/vis2K/whoQ48_4.png,1,1,1,54.44,37.5,1.75,3.93,0.0599,0.0696,0.9487,17.28,3.77,0.43,4.03,0.02,0.29,323,93.22470015,4.667732742,57.27785489
whoQ18_3.png,http://web.cse.ohio-state.edu/~li.8950/data/image/vis2K/whoQ18_3.png,2,1,1,28.09,16.19,2.82,4.26,0.0747,0.0673,0.9435,17.25,5.31,0.41,3.92,0.01,0.29,317,92.82448896,4.427170494,68.37354273
whoJ23.png,http://web.cse.ohio-state.edu/~li.8950/data/image/vis2K/whoJ23.png,1,2,1,28.09,16.67,1.75,4.88,0.0548,0.082,0.9686,16.23,4.82,0.39,3.67,0.02,0.3,271,94.18405715,1.142342974,358.2770736
treasuryL10_1.png,http://web.cse.ohio-state.edu/~li.8950/data/image/vis2K/treasuryL10_1.png,1,1,1,49.4,34.69,3.12,9.31,0.0218,0.1003,0.9053,17.79,11.78,0.38,3.67,0.03,0.34,78,87.47470734,7.930516136,70.10591603
whoP13.png,http://web.cse.ohio-state.edu/~li.8950/data/image/vis2K/whoP13.png,1,1,2,41.3,27.72,2.91,7.07,0.1651,0.0146,0.9473,14.74,10.42,0.37,3.27,0.01,0.29,310,94.49347461,0.870476229,264.4011678
whoJ44.png,http://web.cse.ohio-state.edu/~li.8950/data/image/vis2K/whoJ44.png,1,1,1,23.81,14.43,1.07,4.62,0.0378,0.036,0.9808,16.75,4.04,0.35,3.27,0.01,0.33,279,97.18848649,1.641532188,251.1900543
whoQ15_1.png,http://web.cse.ohio-state.edu/~li.8950/data/image/vis2K/whoQ15_1.png,2,1,1,51.69,39.22,1.76,3.51,0.5585,0.0886,0.9287,16.63,4.38,0.32,4.08,0.01,0.27,316,89.96745399,4.830547751,245.8437116
treasuryD08.png,http://web.cse.ohio-state.edu/~li.8950/data/image/vis2K/treasuryD08.png,2,1,2,25.64,16.84,3.53,6.43,0.2719,0.1482,0.8914,9.06,9.08,0.31,3.55,0.04,0.29,63,83.96267962,9.380600632,271.38079
economist_daily_chart_529.png,http://web.cse.ohio-state.edu/~li.8950/data/image/vis2K/economist_daily_chart_529.png,2,1,2,46.81,35.29,2.6,4.13,0.5591,0.2158,0.8839,16.6,4.79,0.3,4.06,0.02,0.33,45,83.03374797,10.01034042,246.7651045
whoN22.png,http://web.cse.ohio-state.edu/~li.8950/data/image/vis2K/whoN22.png,1,2,1,59.3,47.83,2.47,5.43,0.0698,0.0904,0.9063,16.32,5.75,0.29,3.81,0.03,0.28,304,89.43180505,5.208335617,82.65117507
whoN18.png,http://web.cse.ohio-state.edu/~li.8950/data/image/vis2K/whoN18.png,2,2,2,40.23,29.9,4.16,6.27,0.2923,0.0536,0.8851,10.08,9.58,0.28,3.56,0.03,0.28,302,87.38811272,1.35607574,232.4220328
economist_daily_chart_106.png,http://web.cse.ohio-state.edu/~li.8950/data/image/vis2K/economist_daily_chart_106.png,1,2,1,39.08,29.47,1.91,4.3,0.0687,0.082,0.9614,15.67,4.55,0.26,3.98,0.02,0.34,2,94.54862407,2.957858569,244.4059836
whoQ52_4.png,http://web.cse.ohio-state.edu/~li.8950/data/image/vis2K/whoQ52_4.png,2,1,1,50,40.4,2.49,4.16,0.0729,0.1057,0.9014,17.05,4.79,0.24,4.1,0.04,0.29,327,88.11345701,5.472584484,54.62684497
v484_n7394_5_f2.png,http://web.cse.ohio-state.edu/~li.8950/data/image/vis2K/v484_n7394_5_f2.png,1,1,1,32.94,25.26,1.41,4.58,0.052,0.0014,0.9702,17.97,3.47,0.22,3.33,0.01,0.3,100,97.1184814,0.05265559,350.1339207
v485_n7397_14_f3.png,http://web.cse.ohio-state.edu/~li.8950/data/image/vis2K/v485_n7397_14_f3.png,1,1,1,42.05,34,2.24,6.49,0.0637,0.0012,0.9467,17.93,8.16,0.21,3.78,0.01,0.29,105,95.01527415,0.066953018,349.0398891
whoQ50_2.png,http://web.cse.ohio-state.edu/~li.8950/data/image/vis2K/whoQ50_2.png,1,1,1,38.55,31.25,1.67,3.67,0.0479,0.0521,0.9627,17.48,3.62,0.2,3.55,0.01,0.34,325,95.01819785,3.523535227,57.78158719
whoQ51_2.png,http://web.cse.ohio-state.edu/~li.8950/data/image/vis2K/whoQ51_2.png,1,1,1,52.38,44.33,2.26,4.24,0.0588,0.1466,0.9348,17.36,4.24,0.2,3.84,0.03,0.33,326,89.76218856,10.6234346,64.32563775
whoQ09_2.png,http://web.cse.ohio-state.edu/~li.8950/data/image/vis2K/whoQ09_2.png,1,1,1,38.54,31.78,1.83,4.74,0.0556,0.0478,0.9622,17.35,6.4,0.18,3.93,0.01,0.31,313,95.05322723,3.300465172,61.30127094
whoK07_2.png,http://web.cse.ohio-state.edu/~li.8950/data/image/vis2K/whoK07_2.png,1,1,1,30.68,25.49,1.83,4.84,0.0182,0.004,0.9715,17.93,10.71,0.15,3.68,0,0.28,283,97.29670229,0.153751459,97.02837924
treasuryG05_1.png,http://web.cse.ohio-state.edu/~li.8950/data/image/vis2K/treasuryG05_1.png,1,2,2,23.16,19.19,1.68,6.02,0.0082,0.017,0.964,17.63,8.24,0.14,3.44,0.01,0.3,66,96.04951726,0.843231512,49.03642511
whoQ48_5.png,http://web.cse.ohio-state.edu/~li.8950/data/image/vis2K/whoQ48_5.png,1,1,1,54.65,55.1,1.82,4.21,0.057,0.018,0.9715,17.43,4.95,-0.01,3.95,0.01,0.31,324,96.80735393,1.213246021,64.3528843